pdb_id,state,ligand,resolution,year,n_chains,crystal_bend
1AG9,oxidized,FMN,1.8,1997,1,9.10980841163348
1AKQ,oxidized,FMN,1.9,1998,1,7.170375015473801
1AKR,oxidized,FMN,1.58,1998,1,6.668280853159705
1AKT,oxidized,FMN,1.8,1998,1,1.2603050512550322
1AKW,oxidized,FMN,1.75,1998,1,6.9237720962290545
1AOG,oxidized,FAD,2.3,1997,1,5.285585922407838
1C7F,oxidized,FMN,2.0,2000,1,9.09142735335772
1CZN,oxidized,FMN,1.7,1999,1,11.2020341652914
1CZU,oxidized,FMN,2.0,1999,1,3.1150422204531956
1D03,oxidized,FMN,1.85,1999,1,11.269071378426744
1FLD,oxidized,FMN,1.8,1997,1,5.432202120497871
1FLV,oxidized,FMN,2.0,1993,1,8.454527388242315
1FVX,oxidized,FMN,1.9,1997,1,6.501200353496177
1H51,oxidized,FMN,1.6,2003,1,7.386274335371818
1J9G,oxidized,FMN,2.4,2001,1,2.147537799479628
1N5W,oxidized,FAD,1.5,2002,3,3.0129489857488476
1OFV,oxidized,FMN,1.7,1994,1,9.049177917426327
1P4C,oxidized,FMN,1.35,2003,1,13.427862477247412
1QXO,oxidized,FMN,2.0,2003,1,3.667201770326279
1RCF,oxidized,FMN,1.4,1995,1,6.749070775222057
1TVC,reduced,FAD,,2004,1,2.9299734870923175
1V4B,oxidized,FMN,1.8,2005,1,2.054778439141015
1XYY,oxidized,FMN,1.7,2004,1,3.64495006711506
1YCF,oxidized,FMN,3.0,2005,1,0.2440080559644963
1Z41,oxidized,FMN,1.3,2005,1,13.030512129834388
1Z42,oxidized,FMN,1.85,2005,1,3.8215873556786817
1Z44,oxidized,FMN,1.4,2005,1,4.910890979722951
1ZP3,oxidized,FAD,1.85,2005,1,6.897863409904502
1ZP4,oxidized,FAD,1.85,2005,1,7.852815382703143
2ARD,reduced,FAD,2.6,2005,1,19.060238778969765
2BI7,oxidized,FAD,2.0,2005,1,1.0694774871846977
2FAX,oxidized,FMN,1.8,1997,1,4.37022043655154
2FCR,oxidized,FMN,1.8,1992,1,6.760861243689193
2FDX,oxidized,FMN,1.65,1997,1,4.235272020167485
2FJE,oxidized,FAD,1.8,2006,2,25.254897931394993
2GOU,oxidized,FMN,1.4,2006,1,18.087836541189304
2GQW,oxidized,FAD,1.4,2007,1,5.9304370324891
2GR0,oxidized,FAD,1.7,2007,1,7.1476886179223635
2GR2,oxidized,FAD,1.85,2007,1,8.524032986308194
2GR3,oxidized,FAD,1.5,2007,1,4.02879257113693
2GRT,oxidized,FAD,2.7,1997,1,3.677973995776586
2H8X,oxidized,FMN,1.5,2006,1,2.3002708149944957
2ISJ,oxidized,FMN,2.3,2007,1,1.3404301320990584
2OHH,oxidized,FMN,1.7,2007,1,1.842140444629707
2OHJ,oxidized,FMN,2.26,2007,1,0.5433030399886719
2Q0K,oxidized,FAD,1.7,2007,1,5.746786605990517
2UXN,reduced,FAD,2.72,2007,2,18.805563589608713
2X8G,oxidized,FAD,1.9,2010,1,0.680514496295871
2XOD,oxidized,FMN,0.96,2010,1,5.045327168990603
2Z98,oxidized,FMN,1.4,2008,1,10.252157564159932
2Z9D,oxidized,FMN,2.1,2008,1,2.374901047138313
31CK,oxidized,FAD,3.5,2026,1,0.1167699853596268
3ATQ,reduced,FAD,1.85,2011,1,15.743188478025424
3ATR,reduced,FAD,1.8,2011,1,20.31106250248436
3EAO,oxidized,FAD,3.1,2008,1,3.962186506070779
3EPT,reduced,FAD,2.97,2008,1,1.3201699667468776
3F6R,oxidized,FMN,2.0,2009,1,0.3076156825606263
3F6S,oxidized,FMN,2.502,2009,1,0.1484488067265438
3GRT,oxidized,FAD,2.5,1997,1,9.08446453061145
3HDQ,oxidized,FAD,2.36,2009,1,0.3100156919149004
3HDY,reduced,FAD,2.4,2009,1,0.1729327940223148
3I9V,oxidized,FMN,3.1,2009,4,0.2293104395677321
3IAS,oxidized,FMN,3.15,2009,4,0.259026607095722
3ICR,oxidized,FAD,2.1,2009,1,0.2617066876847267
3INR,oxidized,FAD,2.3,2009,1,2.299722042452282
3INT,reduced,FAD,2.51,2009,1,13.451646460825485
3ITG,reduced,FAD,2.15,2010,1,31.086274082833988
3KAP,oxidized,FMN,2.05,2009,1,0.9544560678987832
3L5L,oxidized,FMN,1.03,2010,1,16.501232782206163
3LJP,reduced,FAD,2.2,2010,1,9.303717535082022
3LO8,oxidized,FAD,1.05,2010,1,0.9911606175398016
3NLL,oxidized,FMN,2.4,1997,1,3.2470573725610077
3OIB,reduced,FAD,2.1,2010,1,24.666801693514728
3PFD,reduced,FAD,2.1,2010,1,29.029839003333493
3R7K,reduced,FAD,2.5,2011,1,32.81982555056929
3RHA,reduced,FAD,2.052,2011,1,13.724950076445865
3SF6,reduced,FAD,1.7,2011,1,17.81805270563704
3SWO,reduced,FAD,1.45,2011,1,20.179341425861843
3TSH,reduced,FAD,1.9,2012,1,21.23466293863588
3TSJ,reduced,FAD,2.0,2012,1,22.848875588769708
3UKF,reduced,FAD,2.5,2012,1,8.918122135895041
3UKH,reduced,FAD,2.3,2012,1,0.4457768934236976
3UKK,reduced,FAD,2.75,2012,1,8.609052296946254
3UTF,reduced,FAD,2.25,2012,1,7.720393631912261
3UTG,reduced,FAD,2.25,2012,1,8.920964596501243
3UTH,reduced,FAD,2.25,2012,1,9.33182198991603
3V76,reduced,FAD,2.51,2012,1,1.0604142490954236
3W2I,oxidized,FAD,1.81,2013,1,2.0651685997917086
4AOS,oxidized,FAD,2.5,2012,1,0.1017205456217402
4AOX,oxidized,FAD,2.42,2012,1,0.4478797190854029
4AP1,oxidized,FAD,2.95,2012,1,0.2428558698282402
4AP3,oxidized,FAD,2.39,2012,1,0.4709872243514248
4AWS,oxidized,FMN,1.0,2013,1,9.636298280462578
4AWU,oxidized,FMN,1.69,2013,1,1.9982198648263696
4B1B,oxidized,FAD,2.9,2012,1,0.0261132231562013
4B5N,oxidized,FMN,1.1,2013,1,10.853047497933684
4B67,oxidized,FAD,2.75,2012,1,2.509055289338935
4B68,oxidized,FAD,2.29,2012,1,4.239378967012904
4C77,oxidized,FAD,2.7,2014,1,11.304311587139972
4CY8,reduced,FAD,2.03,2015,1,2.843412296504982
4D03,oxidized,FAD,1.81,2014,1,4.3086542286018545
4DSG,oxidized,FAD,2.249,2012,1,2.0718516844263406
4DSH,reduced,FAD,2.25,2012,1,6.223294268958286
4FGJ,oxidized,FAD,1.346,2013,1,0.8855481177184988
4FGK,oxidized,FAD,1.401,2013,1,0.5477136784589629
4GDE,reduced,FAD,2.2,2012,1,7.570004888762254
4H4P,oxidized,FAD,1.502,2013,1,5.22692592715017
4H4R,oxidized,FAD,1.4,2013,1,5.586122390073473
4H4T,oxidized,FAD,1.5,2013,1,5.6028980537821536
4H4V,oxidized,FAD,1.4,2013,1,5.370823462543872
4H4X,oxidized,FAD,1.5,2013,1,5.631816019376297
4H4Z,oxidized,FAD,1.95,2013,1,5.912358673594457
4H6Q,oxidized,FAD,1.359,2012,1,1.9876623709239252
4H6R,reduced,FAD,1.75,2012,1,18.690868661847645
4IV6,reduced,FAD,2.0,2013,1,20.612873967772643
4JNQ,reduced,FAD,1.8,2013,1,1.493722281721288
4KAT,reduced,FAD,2.14,2014,1,0.5945926079506063
4M9A,reduced,FAD,2.2,2013,1,24.964945340360103
4MIF,reduced,FAD,1.8,2013,1,20.274647834721375
4MIG,reduced,FAD,1.8,2013,1,16.620078214003307
4MO2,reduced,FAD,2.0,2014,1,8.599225016261705
4MOE,reduced,FAD,2.0,2014,1,12.381151232062734
4MOF,reduced,FAD,1.85,2014,1,14.017294403851423
4MOG,reduced,FAD,2.0,2014,1,17.4676434945484
4MOH,reduced,FAD,2.1,2014,1,14.517852658320756
4MOI,reduced,FAD,1.9,2014,1,13.287079319381409
4MOJ,reduced,FAD,2.0,2014,1,14.225139075971086
4MOM,reduced,FAD,1.9,2014,1,13.291499515832989
4MOO,reduced,FAD,1.65,2014,1,16.928594685714685
4MOP,reduced,FAD,2.3,2014,1,17.393643680365457
4MOQ,reduced,FAD,1.6,2014,1,15.672139590669808
4MOR,reduced,FAD,1.5,2014,1,13.873515063598894
4MOS,reduced,FAD,1.8,2014,1,16.799343697534272
4N5F,reduced,FAD,2.2,2013,1,26.829381199415906
4NLL,oxidized,FMN,1.9,1997,1,6.276663674007115
4NMC,oxidized,FAD,1.901,2014,1,4.042014820529941
4NMD,reduced,FAD,1.979,2014,1,24.107116307484333
4NUL,oxidized,FMN,1.9,1997,1,3.935042714885811
4OPC,reduced,FAD,1.4,2014,1,16.43185327190459
4OPD,reduced,FAD,1.81,2014,1,14.70366251296346
4OPG,reduced,FAD,2.07,2014,1,13.080790368590904
4OPI,reduced,FAD,2.24,2014,1,11.512354990127578
4OPL,reduced,FAD,2.51,2014,1,9.185289828550305
4OPT,reduced,FAD,2.6,2014,1,6.978565697553527
4OPU,reduced,FAD,2.7,2014,1,4.493017560472416
4OVI,oxidized,FAD,1.87,2014,1,8.160415620294621
4TLX,reduced,FAD,2.23,2014,1,17.1390480091695
4TM1,reduced,FAD,2.39,2014,1,17.54360600474191
4TM4,reduced,FAD,2.632,2014,1,18.394226304332676
4U2S,reduced,FAD,1.12,2014,1,16.888420575734372
4U2T,oxidized,FAD,1.223,2014,1,17.14633617931984
4U7G,oxidized,FAD,1.96,2015,1,0.1882552103374826
4U7H,oxidized,FAD,1.48,2015,1,0.7562091213243654
4U8I,reduced,FAD,2.05,2014,1,7.0214524303026735
4U8J,reduced,FAD,2.3,2014,1,6.749944558478564
4U8K,reduced,FAD,2.2,2014,1,7.206085991066041
4U8L,reduced,FAD,2.3,2014,1,7.689399054123443
4U8M,reduced,FAD,2.3,2014,1,7.807775325147946
4U8N,reduced,FAD,2.3,2014,1,9.55161484636996
4U8O,reduced,FAD,2.3,2014,1,8.594134504796767
4U8P,reduced,FAD,2.05,2014,1,8.118878167156575
4UDP,oxidized,FAD,1.9,2015,1,16.60450708823647
4UTH,oxidized,FMN,1.25,2015,1,18.026759076970365
4UTI,oxidized,FMN,1.099,2015,1,13.325456891215222
4UTJ,oxidized,FMN,1.07,2015,1,14.060227695846352
4WX1,reduced,FAD,2.2,2014,1,8.776722081799548
4X28,reduced,FAD,1.99,2015,2,29.795144856000437
4X9M,oxidized,FAD,2.4,2015,1,10.115559952041364
4XGK,reduced,FAD,2.652,2015,1,0.1996803736679388
4XVX,reduced,FAD,2.3,2015,1,35.29582757777945
4YNT,reduced,FAD,1.78,2015,1,21.910860005548457
4ZAF,oxidized,FMN,1.71,2015,1,8.028734047040297
4ZAG,oxidized,FMN,1.68,2015,1,6.059253000909358
4ZAN,oxidized,FMN,1.76,2015,1,7.044968856433334
4ZVL,oxidized,FAD,1.899,2016,1,0.6509606561345372
4ZVM,oxidized,FAD,1.973,2016,1,0.6945353678547225
5BUC,oxidized,FAD,1.867,2016,1,0.4522846914990907
5EQD,oxidized,FAD,1.83,2016,1,0.2366214111447571
5EQF,oxidized,FAD,2.145,2016,1,0.1948886646270222
5ER9,oxidized,FAD,1.689,2016,1,0.1986896808374718
5F3R,oxidized,FAD,2.04,2016,1,0.3177440063371683
5G3S,reduced,FAD,2.076,2016,1,16.596784657043273
5G3T,reduced,FAD,1.8,2016,1,20.7022314593562
5G3U,reduced,FAD,2.377,2016,1,12.438635386965291
5HHF,reduced,FAD,2.3,2016,1,15.61933706713628
5K1K,oxidized,FMN,1.301,2017,1,7.88537370814831
5K1M,oxidized,FMN,1.5,2017,1,3.7537265878714634
5K1Q,oxidized,FMN,1.55,2017,1,5.818689857653777
5K1W,oxidized,FMN,1.6,2017,1,5.30803456883655
5LGX,oxidized,FMN,1.5,2017,1,4.446769620118235
5LMC,oxidized,FMN,1.9,2016,1,0.3800565355922742
5LNI,oxidized,FMN,1.133,2017,1,12.98100772171093
5M10,oxidized,FAD,1.22,2016,1,11.48113508699016
5MIU,oxidized,FAD,3.5,2017,1,0.2707444712307744
5NLL,oxidized,FMN,1.75,1997,1,5.508508632177463
5TWC,oxidized,FAD,2.31,2017,1,3.982000860738676
5URD,oxidized,FAD,1.9,2018,1,4.018331452262984
5VW2,reduced,FAD,1.451,2017,1,5.993186137681281
5VW7,reduced,FAD,1.608,2017,1,4.19097417603794
5VWT,oxidized,FAD,2.75,2017,1,0.7106196482319448
5VWU,oxidized,FAD,2.75,2017,1,0.5036628995683288
5XF9,oxidized,FMN,2.58,2017,4,0.3495639925326782
6BSN,reduced,FAD,2.15,2018,1,10.142301987589214
6D2E,oxidized,FAD,2.05,2019,1,4.2476635286329225
6D2G,reduced,FAD,2.5,2019,1,17.129234793272193
6D99,oxidized,FAD,2.15,2019,1,5.624843324309191
6D9A,reduced,FAD,2.9,2019,1,18.39119507877329
6D9B,oxidized,FAD,2.2,2019,1,4.7854294920410485
6D9C,reduced,FAD,3.05,2019,1,19.602697692298143
6D9D,oxidized,FAD,2.2,2019,1,5.9004443289722115
6D9E,reduced,FAD,2.85,2019,1,19.243818145389508
6EBQ,oxidized,FMN,1.95,2018,1,0.0964972861903377
6FSG,oxidized,FMN,1.27,2018,1,2.9568022459080647
6FT1,oxidized,FMN,1.4,2018,1,5.248779477658217
6GAQ,oxidized,FMN,2.5,2018,1,0.0527204642475767
6GAR,oxidized,FAD,2.4,2018,1,0.5734305051279884
6GAS,oxidized,FAD,2.4,2018,1,0.3523311891325114
6HL2,oxidized,FMN,1.95,2019,2,3.6355370618725686
6HL3,oxidized,FMN,2.04,2019,2,3.413229542957589
6HLJ,oxidized,FMN,2.1,2019,2,3.975045039592521
6P9D,reduced,FAD,1.329,2020,1,9.937461051030168
6PZ0,oxidized,FMN,1.8,2021,1,1.4534820362528773
6Q1B,oxidized,FMN,1.596,2021,1,2.184600506183903
6Q1L,oxidized,FMN,1.6,2021,1,1.8715339170001304
6R7P,oxidized,FMN,3.22,2019,2,3.87045839551576
6U1V,reduced,FAD,1.75,2019,1,20.910583109966595
6UFP,reduced,FAD,1.737,2020,2,20.85981406684563
6WY9,reduced,FAD,2.0,2020,2,22.944376023589207
6X0H,oxidized,FAD,2.087,2020,1,4.6983087396106615
6X0I,oxidized,FAD,1.95,2020,1,3.3327372363467553
6X0J,reduced,FAD,2.335,2020,1,10.365868896702532
6X0K,reduced,FAD,2.231,2020,1,6.668501411750883
6X9C,reduced,FAD,1.44,2020,1,18.23198657135837
6ZE2,reduced,FAD,1.31,2021,1,26.577205596351753
6ZE3,reduced,FAD,2.22,2021,1,19.060009847253227
6ZE4,reduced,FAD,1.6,2021,1,24.82470976230626
6ZE5,reduced,FAD,1.82,2021,1,17.499395884983713
6ZE6,reduced,FAD,1.26,2021,1,24.360259404183225
6ZE7,reduced,FAD,1.5,2021,1,25.05173660677812
7AA2,reduced,FAD,1.4,2021,1,24.778690877215897
7BTJ,reduced,FAD,2.373,2021,1,5.844286352257399
7CU2,reduced,FAD,2.4,2020,1,13.192028524011192
7E8P,reduced,FAD,2.3,2021,1,2.3243556088969513
7E8Q,reduced,FAD,2.3,2021,1,4.58748832656878
7EPV,reduced,FAD,1.78,2021,1,5.37733649924077
7EPW,reduced,FAD,2.23,2021,1,3.937155633874576
7MGN,reduced,FAD,1.8,2021,1,0.0119607559212399
7MGO,reduced,FAD,1.85,2021,1,0.5891037562515153
7MMR,oxidized,FMN,2.0,2022,2,0.4307619971100691
7NDW,reduced,FAD,2.0,2021,1,2.225893351005075
7NDZ,reduced,FAD,2.7,2021,1,4.166920828564916
7Q4W,oxidized,FMN,3.78,2023,3,0.0442354043230346
7R0F,oxidized,FMN,1.978,2023,1,0.0503441176588427
7R2O,oxidized,FMN,1.85,2023,1,0.043607325630103
7R2P,oxidized,FMN,2.538,2023,1,0.0098188559791974
7SV0,oxidized,FAD,2.7,2022,1,0.0684039350429314
7SZV,reduced,FAD,2.4,2021,1,29.86978345928555
7VJ8,oxidized,FAD,2.1,2022,1,1.7695446698876802
7VKD,reduced,FAD,1.58,2022,1,22.216440351326938
7VKF,reduced,FAD,1.6,2022,1,22.404216297265197
7YE0,oxidized,FAD,2.75,2023,1,2.732797479993048
7Z3D,oxidized,FMN,2.0,2022,2,0.6054946365059941
8BEW,oxidized,FMN,3.49,2023,3,0.0457717607866916
8DQ7,reduced,FAD,2.1,2023,1,21.020673316656687
8DQ8,reduced,FAD,1.9,2023,1,18.38445547453798
8DSV,reduced,FAD,2.5,2023,1,23.843316466997997
8J4V,oxidized,FMN,1.11,2024,1,0.6118305123960687
8J4X,oxidized,FMN,3.04,2024,2,0.1821745613141591
8JEK,oxidized,FAD,2.7,2023,3,0.4467116432435156
8OET,reduced,FAD,2.11,2023,1,13.545869037739658
8ORJ,reduced,FAD,3.3,2024,2,10.624264381126736
8QG1,oxidized,FMN,2.0,2024,2,4.365426957380178
8QGW,oxidized,FMN,1.6,2024,2,5.468970262360703
8QQ7,reduced,FAD,3.62,2024,1,0.9546137668578476
8RBM,oxidized,FMN,3.24,2024,4,0.3399419503456443
8REN,reduced,FAD,2.139,2025,1,13.78349275299956
8REO,reduced,FAD,2.03,2025,1,3.1926462773315807
8REP,oxidized,FAD,2.201,2025,1,1.536226632136505
8REQ,reduced,FAD,1.94,2025,1,5.045992866999183
8T0W,oxidized,FMN,1.75,2024,1,5.643714891774513
8WEJ,reduced,FAD,2.79,2024,4,0.1710799613026394
9C8A,reduced,FAD,1.54,2024,1,26.66332009074955
9C8B,reduced,FAD,1.52,2024,1,25.887553032802444
9ENI,reduced,FAD,2.1,2024,1,12.329533042340788
9ENJ,reduced,FAD,2.1,2024,1,10.640604806318189
9ENK,reduced,FAD,2.2,2024,1,9.892147729764485
9ENN,reduced,FAD,1.8,2024,1,13.77373783396649
9FDK,oxidized,FMN,1.8,2024,2,5.096521685963079
9FE7,oxidized,FMN,2.28,2024,2,2.705954437053805
9FII,oxidized,FMN,2.5,2024,2,5.412562065265973
9HE5,oxidized,FMN,1.844,2025,2,5.305919805155499
9HEG,oxidized,FMN,2.05,2025,2,1.929805563004694
9HEM,oxidized,FMN,2.6,2025,2,5.001655666162515
9HEN,oxidized,FMN,2.27,2025,2,3.7926316516307743
9HJV,reduced,FAD,2.2,2025,1,0.5488346964445544
9HKE,reduced,FAD,1.9,2025,1,0.8457949635066565
9HNL,oxidized,FAD,2.2,2025,1,0.0745418377167985
9KK7,reduced,FAD,1.8,2025,1,3.221078791922205
9KKC,oxidized,FAD,1.8,2025,1,1.107353004624598
9KKG,oxidized,FAD,1.15,2025,1,1.324004054062332
9KKH,reduced,FAD,1.1,2025,1,0.7527497469950211
9L8G,oxidized,FAD,1.35,2025,1,0.9218028852097884
9LWZ,oxidized,FAD,2.074,2026,1,1.036946152780533
9Q8F,oxidized,FAD,1.5,2025,1,0.5837824397622664
9V69,reduced,FAD,0.96,2025,1,9.883695522974532
9V6B,oxidized,FAD,1.6,2025,1,2.6155238930919107
9V6C,oxidized,FAD,1.45,2025,1,3.4732485482214663
9VPR,oxidized,FMN,1.81,2025,1,2.206657843211953
9VPT,oxidized,FMN,1.9,2025,1,3.945962916148273
9VPV,oxidized,FMN,2.4,2025,1,3.266790649758748
9VPX,oxidized,FMN,1.98,2025,1,4.5719254361683035
9VQ0,oxidized,FMN,1.95,2025,1,8.531720744570979
