name,bend
3OIB__FAD,13.960044
3OIB__FAE,13.242443
3PFD__FAD,11.439683
3PFD__FAE,11.843706
3R7K__FAD,10.849240
3R7K__FAE,11.182947
3TSH__FAD,3.953020
3TSH__FAE,4.280536
3TSJ__FAD,4.272363
3TSJ__FAE,4.170990
3UKH__FAD,3.923413
3UKH__FAE,3.644031
4N5F__FAD,12.193585
4N5F__FAE,12.224130
4TLX__FAD,6.138316
4TLX__FAE,5.494836
4TM1__FAD,5.960660
4TM1__FAE,6.062403
4TM4__FAD,5.107245
4TM4__FAE,6.084516
4X28__FAD,11.894250
4X28__FAE,11.236954
4XVX__FAD,9.264295
4XVX__FAE,8.794291
5VWT__FAD,4.137649
5VWT__FAE,4.168701
6U1V__FAD,8.758039
6U1V__FAE,9.180545
6X0H__FAD,1.853053
6X0H__FAE,1.584668
6ZE3__FAD,14.668705
6ZE3__FAE,14.177168
6ZE4__FAD,13.781262
6ZE4__FAE,14.035707
6ZE5__FAD,14.614785
6ZE5__FAE,14.935602
6ZE7__FAD,14.314244
6ZE7__FAE,14.423289
7E8P__FAD,7.247784
7E8P__FAE,7.081672
7SZV__FAD,11.670268
7SZV__FAE,11.171708
9C8A__FAD,3.209568
9C8A__FAE,3.432839
9C8B__FAD,3.346380
9C8B__FAE,3.285898
9HJV__FAD,1.930233
9HJV__FAE,1.843126
9HKE__FAD,1.650991
9HKE__FAE,1.631892
9KKH__FAD,1.040434
9KKH__FAE,0.890360
