pdb_id,state,year,crystal,pred
1AG9,oxidized,1997,9.10980841163348,7.010529509197457
1AKQ,oxidized,1998,7.170375015473801,4.389390801057692
1AKR,oxidized,1998,6.668280853159705,4.210280622720519
1AKT,oxidized,1998,1.2603050512550322,3.564346333778675
1AKW,oxidized,1998,6.9237720962290545,3.5668997765060655
1AOG,oxidized,1997,5.285585922407838,2.6746703234802176
1C7F,oxidized,2000,9.09142735335772,3.41185149594698
1CZN,oxidized,1999,11.2020341652914,5.8753103205218125
1CZU,oxidized,1999,3.1150422204531956,5.291088622391578
1D03,oxidized,1999,11.269071378426744,5.177626039722282
1FLD,oxidized,1997,5.432202120497871,0.8029119887760731
1FLV,oxidized,1993,8.454527388242315,6.400872318796501
1H51,oxidized,2003,7.386274335371818,7.342504471394034
1J9G,oxidized,2001,2.147537799479628,3.1355736299116526
1OFV,oxidized,1994,9.049177917426327,5.8320615219397025
1QXO,oxidized,2003,3.667201770326279,3.8892029042440677
1RCF,oxidized,1995,6.749070775222057,6.748196550503412
1TVC,reduced,2004,1.8091222161954132,2.991850157150001
1V4B,oxidized,2005,2.054778439141015,3.9353600095251804
1YCF,oxidized,2005,0.2440080559644963,0.835142994688898
1Z41,oxidized,2005,13.030512129834388,11.055934288741518
1Z42,oxidized,2005,3.8215873556786817,10.951865547315931
1Z44,oxidized,2005,4.910890979722951,10.588663740578783
1ZP3,oxidized,2005,6.897863409904502,4.067187989755574
2ARD,reduced,2005,19.060238778969765,5.913339410742859
2FAX,oxidized,1997,4.37022043655154,0.7863959015705655
2FCR,oxidized,1992,6.760861243689193,7.700229728402232
2FDX,oxidized,1997,4.235272020167485,0.7060558389559936
2FJE,oxidized,2006,25.254897931394993,11.215875840170684
2GOU,oxidized,2006,18.087836541189304,6.940923098563511
2GQW,oxidized,2007,5.9304370324891,2.529875290186404
2GR0,oxidized,2007,7.1476886179223635,2.1143470112264353
2GR2,oxidized,2007,8.524032986308194,2.09179821435661
2GR3,oxidized,2007,4.02879257113693,2.081057218107515
2GRT,oxidized,1997,3.677973995776586,2.0713577623460773
2ISJ,oxidized,2007,1.3404301320990584,3.3532739080568676
2OHH,oxidized,2007,1.842140444629707,0.0543250465389087
2Q0K,oxidized,2007,5.746786605990517,0.7774906514083636
2UXN,reduced,2007,18.805563589608713,6.220224473023928
2X8G,oxidized,2010,0.680514496295871,3.223177593430377
2Z98,oxidized,2008,10.252157564159932,3.394067659153798
2Z9D,oxidized,2008,2.374901047138313,4.202051580406155
31CK,oxidized,2026,0.1167699853596268,3.3788116068672363
3ATR,reduced,2011,20.31106250248436,8.9228857467888
3EAO,oxidized,2008,3.962186506070779,2.4957178198885615
3F6S,oxidized,2009,0.1484488067265438,2.6210462531825827
3GRT,oxidized,1997,9.08446453061145,2.2602968612541847
3HDQ,oxidized,2009,0.3100156919149004,1.9744488323036475
3HDY,reduced,2009,0.1729327940223148,1.7356297284734956
3I9V,oxidized,2009,0.2293104395677321,1.256471901009775
3IAS,oxidized,2009,0.259026607095722,0.6837363242272316
3INR,oxidized,2009,2.299722042452282,5.019784826783086
3INT,reduced,2009,13.451646460825485,4.7385484019329605
3KAP,oxidized,2009,0.9544560678987832,2.6889836675890333
3L5L,oxidized,2010,16.501232782206163,10.706828840516147
3LO8,oxidized,2010,0.9911606175398016,1.1449096641600662
3RHA,reduced,2011,13.724950076445865,12.543776763447898
3TSJ,reduced,2012,22.848875588769708,4.308436621062415
3UKF,reduced,2012,8.918122135895041,3.3066882196748084
3UTF,reduced,2012,7.720393631912261,3.4772119621893065
3UTG,reduced,2012,8.920964596501243,3.8850870734212144
3UTH,reduced,2012,9.33182198991603,4.106665728961294
3W2I,oxidized,2013,2.0651685997917086,4.145521148854617
4AOX,oxidized,2012,0.4478797190854029,2.4610792997060367
4AWS,oxidized,2013,9.636298280462578,4.473421269255574
4B5N,oxidized,2013,10.853047497933684,6.274712943779092
4B67,oxidized,2012,2.509055289338935,1.6196471791770288
4B68,oxidized,2012,4.239378967012904,1.6491224598274135
4DSG,oxidized,2012,2.0718516844263406,3.8860974364076895
4DSH,reduced,2012,6.223294268958286,3.564979114960035
4FGJ,oxidized,2013,0.8855481177184988,1.761063316252504
4FGK,oxidized,2013,0.5477136784589629,2.0858712267912525
4GDE,reduced,2012,7.570004888762254,3.052055666743207
4H4P,oxidized,2013,5.22692592715017,2.228337840735649
4H4R,oxidized,2013,5.586122390073473,2.058965476395986
4H4V,oxidized,2013,5.370823462543872,1.7019962472318344
4H4X,oxidized,2013,5.631816019376297,1.8711926612455951
4H4Z,oxidized,2013,5.912358673594457,1.9260729112703976
4H6Q,oxidized,2012,0.6248687560880573,4.912939149175129
4H6R,reduced,2012,18.690868661847645,5.210874757576346
4MO2,reduced,2014,8.599225016261705,3.7065643879228602
4MOE,reduced,2014,12.381151232062734,4.772235224454728
4MOF,reduced,2014,14.017294403851423,5.003530986272018
4MOG,reduced,2014,17.4676434945484,4.772864617248233
4MOJ,reduced,2014,14.225139075971086,5.121626874899171
4MOM,reduced,2014,13.291499515832989,4.653308156309889
4MOP,reduced,2014,17.393643680365457,4.8795300720374195
4MOQ,reduced,2014,15.672139590669808,5.0398975098875995
4MOR,reduced,2014,13.873515063598894,5.197548358411768
4NLL,oxidized,1997,6.276663674007115,0.8343097754205118
4NMC,oxidized,2014,4.042014820529941,5.741571444050665
4NUL,oxidized,1997,3.935042714885811,0.4186317963666867
4OPC,reduced,2014,16.43185327190459,9.234447714115854
4OPD,reduced,2014,14.70366251296346,8.48563804655268
4OPL,reduced,2014,9.185289828550305,9.688625413406141
4TLX,reduced,2014,17.1390480091695,5.609726017021768
4TM4,reduced,2014,18.394226304332676,6.285326092687272
4U2S,reduced,2014,16.888420575734372,7.5604959719162155
4U7G,oxidized,2015,0.1882552103374826,2.0701327895248958
4U7H,oxidized,2015,0.7562091213243654,1.830249874865204
4U8I,reduced,2014,7.0214524303026735,3.6245202230599647
4U8M,reduced,2014,7.807775325147946,3.5609114779535584
4U8O,reduced,2014,8.594134504796767,3.6566845803884216
4UTH,oxidized,2015,18.026759076970365,10.963353574497056
4UTI,oxidized,2015,13.325456891215222,10.718577668521453
4UTJ,oxidized,2015,14.060227695846352,11.00679068756648
4X28,reduced,2015,29.795144856000437,9.628744035537615
4X9M,oxidized,2015,10.115559952041364,4.48619255649696
4XGK,reduced,2015,0.1996803736679388,3.40233429436782
4ZAG,oxidized,2015,6.059253000909358,8.382147666853708
4ZVL,oxidized,2016,0.6509606561345372,1.9545367751914728
4ZVM,oxidized,2016,0.6945353678547225,1.7521916984277153
5BUC,oxidized,2016,0.4522846914990907,2.072939766410717
5EQD,oxidized,2016,0.2366214111447571,3.1029049434158407
5EQF,oxidized,2016,0.1948886646270222,4.0832877822969955
5ER9,oxidized,2016,0.1986896808374718,2.582360900301058
5F3R,oxidized,2016,0.3177440063371683,2.4919695117434353
5G3S,reduced,2016,16.596784657043273,9.362674784225728
5G3T,reduced,2016,20.7022314593562,9.692650683506526
5G3U,reduced,2016,12.438635386965291,9.564817713549381
5HHF,reduced,2016,15.61933706713628,2.5688006147312317
5K1K,oxidized,2017,7.88537370814831,6.615937544686664
5K1M,oxidized,2017,3.7537265878714634,6.376530898474811
5K1Q,oxidized,2017,5.818689857653777,6.541180618655539
5K1W,oxidized,2017,5.30803456883655,6.149398405143532
5LGX,oxidized,2017,4.446769620118235,7.391139691858415
5LNI,oxidized,2017,12.98100772171093,10.253154845709808
5M10,oxidized,2016,11.48113508699016,2.956818955348437
5MIU,oxidized,2017,0.2707444712307744,1.769833870708263
5NLL,oxidized,1997,5.508508632177463,0.8967506390620541
5TWC,oxidized,2017,3.982000860738676,2.563510416674214
5VW2,reduced,2017,5.993186137681281,1.1558164915429516
5VW7,reduced,2017,4.19097417603794,0.7502250606170255
5VWT,oxidized,2017,0.7106196482319448,3.7521957655084344
6D2E,oxidized,2019,4.2476635286329225,4.007423868364176
6D99,oxidized,2019,5.624843324309191,3.9580422190011832
6D9A,reduced,2019,18.39119507877329,3.3588472825942297
6D9B,oxidized,2019,4.7854294920410485,5.114210362232481
6D9C,reduced,2019,19.602697692298143,3.5772957744540204
6D9D,oxidized,2019,5.9004443289722115,2.788292579443921
6D9E,reduced,2019,19.243818145389508,3.5984306354689637
6FSG,oxidized,2018,2.9568022459080647,2.4614935857092286
6FT1,oxidized,2018,5.248779477658217,2.8029165932119326
6GAQ,oxidized,2018,0.0527204642475767,2.81059006560649
6GAR,oxidized,2018,0.5734305051279884,0.5494158196976284
6HL2,oxidized,2019,3.6355370618725686,3.434899086608387
6HLJ,oxidized,2019,3.975045039592521,3.4980682539140564
6P9D,reduced,2020,9.937461051030168,7.218121465320391
6PZ0,oxidized,2021,1.4534820362528773,4.320308966907415
6Q1B,oxidized,2021,2.184600506183903,4.158376797563455
6Q1L,oxidized,2021,1.8715339170001304,3.901807276010936
6U1V,reduced,2019,20.910583109966595,8.707456060623485
6WY9,reduced,2020,22.944376023589207,8.426990988656907
6X0H,oxidized,2020,4.6983087396106615,1.2569452262792595
6X0I,oxidized,2020,3.3327372363467553,1.2872547091264137
6X0J,reduced,2020,10.365868896702532,1.9123351440743415
6X0K,reduced,2020,6.668501411750883,1.6102506858786143
6ZE2,reduced,2021,26.577205596351753,14.253064017367535
6ZE3,reduced,2021,19.060009847253227,14.489745276897114
6ZE4,reduced,2021,24.82470976230626,13.988190695225097
6ZE7,reduced,2021,25.05173660677812,14.05746642846779
7AA2,reduced,2021,24.778690877215897,14.727656449765247
7BTJ,reduced,2021,5.844286352257399,0.8606933705842407
7CU2,reduced,2020,13.192028524011192,6.661458529151836
7E8P,reduced,2021,2.3243556088969513,6.986293756773545
7E8Q,reduced,2021,4.58748832656878,6.059013563888592
7EPV,reduced,2021,5.37733649924077,2.05312083708287
7EPW,reduced,2021,3.937155633874576,2.1385933005104842
7MGN,reduced,2021,0.0119607559212399,4.027351296626624
7MGO,reduced,2021,0.5891037562515153,4.163554832087642
7MMR,oxidized,2022,0.4307619971100691,2.938052035613629
7NDW,reduced,2021,2.225893351005075,0.5934287077494032
7NDZ,reduced,2021,4.166920828564916,0.34275965765985744
7Q4W,oxidized,2023,0.0442354043230346,4.195168928839124
7R0F,oxidized,2023,0.0503441176588427,0.9128995068424464
7R2O,oxidized,2023,0.043607325630103,0.628662943499586
7SZV,reduced,2021,29.86978345928555,11.994412208553234
7VKD,reduced,2022,22.216440351326938,14.832341122619505
7VKF,reduced,2022,22.404216297265197,14.306404898635408
7YE0,oxidized,2023,2.732797479993048,3.131800137401783
8DQ7,reduced,2023,21.020673316656687,12.102139644202376
8DQ8,reduced,2023,18.38445547453798,11.455914754451081
8DSV,reduced,2023,23.843316466997997,12.694381397473041
8J4V,oxidized,2024,0.6118305123960687,0.9494292246422277
8J4X,oxidized,2024,0.1821745613141591,0.33118032129961555
8OET,reduced,2023,13.545869037739658,2.83018564749572
8ORJ,reduced,2024,10.624264381126736,1.2876002531629642
8QG1,oxidized,2024,4.365426957380178,3.168922694690138
8QGW,oxidized,2024,5.468970262360703,3.6232248614572873
8QQ7,reduced,2024,0.9546137668578476,1.370736484247011
8RBM,oxidized,2024,0.3399419503456443,4.29399651139275
8REN,reduced,2025,13.78349275299956,0.5443266527896989
8REO,reduced,2025,3.1926462773315807,0.3962418825609758
8REP,oxidized,2025,1.536226632136505,0.5764910130971692
8REQ,reduced,2025,5.045992866999183,0.4245552470160231
8T0W,oxidized,2024,5.643714891774513,3.1917450200617945
8WEJ,reduced,2024,0.1710799613026394,0.8303584454802234
9C8A,reduced,2024,12.727193581667455,3.438732116136321
9C8B,reduced,2024,12.41723617293031,3.091254222716715
9ENI,reduced,2024,12.329533042340788,7.561890660419835
9ENJ,reduced,2024,10.640604806318189,7.589521263211855
9ENK,reduced,2024,9.892147729764485,7.711680817797753
9ENN,reduced,2024,13.77373783396649,7.413604587150368
9FDK,oxidized,2024,5.096521685963079,3.3968030055080516
9FII,oxidized,2024,5.412562065265973,3.0240526679448747
9HE5,oxidized,2025,5.305919805155499,3.1212013844803193
9HEG,oxidized,2025,1.929805563004694,3.2595505666858338
9HEM,oxidized,2025,5.001655666162515,3.4681337439427153
9HKE,reduced,2025,0.8457949635066565,1.8196577395117344
9KK7,reduced,2025,3.221078791922205,1.113628638551144
9KKC,oxidized,2025,1.107353004624598,0.8778052642781371
9KKG,oxidized,2025,1.324004054062332,0.6193040953854753
9KKH,reduced,2025,1.780025640767619,1.0645603766985008
9L8G,oxidized,2025,0.9218028852097884,0.5470755731281508
9Q8F,oxidized,2025,0.5837824397622664,1.9406697083503301
9V69,reduced,2025,9.883695522974532,3.666041459769193
9V6B,oxidized,2025,2.6155238930919107,3.434003390223856
9V6C,oxidized,2025,3.4732485482214663,3.751869470184175
9VPR,oxidized,2025,2.206657843211953,9.037441867160224
9VPT,oxidized,2025,3.945962916148273,9.13757323772358
9VPV,oxidized,2025,3.266790649758748,9.446217076946755
9VPX,oxidized,2025,4.5719254361683035,9.07085773805309
