pdb,ox,red,delta
1ZP4,3.0785,3.8575,0.7790
3EAO,2.6037,3.1176,0.5139
3OIB,14.1493,21.9536,7.8043
3PFD,10.5901,17.8180,7.2279
3R7K,10.4772,18.6967,8.2195
3TSH,4.1193,6.3898,2.2704
3TSJ,4.1922,6.6206,2.4284
3UKH,3.9195,5.8563,1.9368
4AOS,2.8580,2.2817,-0.5763
4AOX,2.1458,1.9521,-0.1938
4AP1,2.3104,2.8664,0.5559
4AP3,1.7764,1.6628,-0.1137
4C77,1.5983,2.8080,1.2098
4N5F,12.3265,20.4706,8.1441
4OVI,1.6653,1.7438,0.0785
4TLX,6.4457,10.0957,3.6500
4TM1,5.8156,7.4076,1.5921
4TM4,6.0866,8.9984,2.9118
4X28,10.6931,21.1125,10.4193
4XVX,9.5586,13.5225,3.9640
5TWC,2.6925,4.2169,1.5244
5URD,1.3717,0.9139,-0.4578
5VWT,3.6995,4.3786,0.6791
6U1V,8.8257,16.6481,7.8224
6X0H,1.7275,2.5702,0.8427
6ZE3,15.1315,19.1987,4.0672
6ZE4,14.2690,20.6470,6.3780
6ZE5,14.7070,20.4912,5.7843
6ZE7,14.4072,19.8759,5.4687
7E8P,7.1868,15.3749,8.1881
7SZV,11.5256,17.7330,6.2074
9C8A,2.9284,6.1363,3.2079
9C8B,3.2492,5.4442,2.1950
9HJV,1.9621,4.6651,2.7030
9HKE,1.9151,6.8190,4.9040
9KKH,0.9528,1.3819,0.4290
