pid,bend,state_union,by_identifier,has_fnr
1AKQ,7.1704,oxidized,0,0
1AKU,10.6204,reduced,0,0
1AKV,11.1954,semiquinone,0,0
1C7E,8.7503,reduced,0,0
1C7F,9.0914,oxidized,0,0
1CZN,11.2020,oxidized,0,0
1CZU,3.1150,oxidized,0,0
1FLA,10.0574,reduced,0,0
1FLD,5.4322,oxidized,0,0
1FLN,6.3426,reduced,0,0
1FLV,8.4545,oxidized,0,0
1FNB,2.2926,oxidized;reduced,0,0
1FNC,3.3352,oxidized;reduced,1,0
1FND,0.7989,oxidized;reduced,0,0
1H51,7.3863,oxidized,0,0
1H63,17.0666,reduced,0,0
1J9G,2.1475,oxidized,0,0
1N61,1.9989,reduced,0,0
1N63,3.0291,reduced,0,0
1OFV,9.0492,oxidized,0,0
1P4C,13.4279,oxidized,0,0
1P5B,15.7282,reduced,0,0
1RCF,6.7491,oxidized,0,0
1V4B,2.0548,oxidized,0,0
1WSW,6.4162,semiquinone,0,0
1XYV,10.5277,semiquinone,0,0
1XYY,3.6450,oxidized,0,0
1Z41,13.0305,oxidized,0,0
1Z42,3.8216,oxidized,0,0
1Z44,4.9109,oxidized,0,0
1Z48,9.7527,reduced,0,0
1ZP3,6.8979,oxidized,0,0
1ZPT,7.5190,reduced,0,0
1ZRQ,8.6806,reduced,0,0
2ABA,6.8896,reduced,0,0
2BI7,1.0695,oxidized,0,0
2BI8,15.0300,reduced,0,0
2FAX,4.3702,oxidized,0,0
2FDX,4.2353,oxidized,0,0
2FLV,7.7906,reduced,0,0
2FOX,5.4139,semiquinone,0,0
2FVX,7.7335,reduced,0,0
2FZ5,2.0609,reduced,1,1
2FZM,20.9052,reduced,0,0
2FZN,3.7333,reduced,0,0
2GOU,18.0878,oxidized,0,0
2GQA,25.8082,reduced,0,0
2GQW,5.9304,oxidized,0,0
2GR0,7.1477,oxidized,0,0
2GR1,16.9334,reduced,0,0
2GR2,8.5240,oxidized,0,0
2GRT,3.6780,oxidized,0,0
2H8X,2.3003,oxidized,0,0
2ISK,2.5156,reduced,1,1
2ISL,9.9647,reduced,1,1
2OHH,1.8421,oxidized,0,0
2OHI,0.4691,reduced,0,0
2OHJ,0.5433,oxidized,0,0
2Q0K,5.7468,oxidized,0,0
2Q0L,19.0319,reduced,0,0
2X8C,0.2632,reduced,0,0
2X8G,0.6805,oxidized,0,0
2XOD,5.0453,oxidized,0,0
2XOE,3.3709,semiquinone,0,0
2YLS,21.7714,reduced,0,0
2YM2,18.8282,reduced,0,0
2YMV,21.9140,reduced,1,1
2YVF,15.0005,reduced,0,0
2YVG,10.9140,semiquinone,0,0
2Z98,10.2522,oxidized,0,0
2Z9B,14.5578,reduced,0,0
2Z9D,2.3749,oxidized,0,0
2ZRV,19.2545,reduced,1,1
2ZRY,16.6571,reduced,1,1
2ZRZ,12.1820,reduced,1,1
31CJ,0.2126,reduced,0,0
31CK,0.1168,oxidized,0,0
3ATQ,15.7432,reduced,1,0
3ATR,20.3111,reduced,1,0
3B05,18.8940,reduced,1,1
3B06,21.7829,reduced,1,1
3E2Q,0.8773,reduced,0,0
3E2S,0.7914,reduced,0,0
3EAN,6.0281,reduced,0,0
3EAO,3.9622,oxidized,0,0
3F6R,0.3076,oxidized,0,0
3F6S,0.1484,oxidized,0,0
3F90,0.0689,semiquinone,0,0
3GRT,9.0845,oxidized,0,0
3HDQ,0.3100,oxidized,0,0
3HDY,0.1729,reduced,1,0
3I9V,0.2293,oxidized,0,0
3IAM,0.1771,reduced,0,0
3IAS,0.2590,oxidized,0,0
3ICR,0.2617,oxidized,0,0
3ICS,0.4277,reduced,0,0
3ICT,0.5788,reduced,0,0
3INR,2.2997,oxidized,0,0
3INT,13.4516,reduced,1,0
3ITG,31.0863,reduced,1,0
3L5L,16.5012,oxidized,0,0
3LO8,0.9912,oxidized,0,0
3N19,18.9159,reduced,1,1
3N3A,0.2172,reduced,0,0
3N3B,0.0630,reduced,0,0
3TSH,21.2347,reduced,1,0
3TSJ,22.8489,reduced,1,0
3U7R,9.6352,reduced,1,1
3UKF,8.9181,reduced,1,0
3UKH,0.4458,reduced,1,0
3UKK,8.6091,reduced,1,0
3UTF,7.7204,reduced,1,0
3UTG,8.9210,reduced,1,0
3UTH,9.3318,reduced,1,0
3VKJ,17.6882,reduced,1,1
3W2G,6.0967,reduced,0,0
3W2I,2.0652,oxidized,0,0
3ZQU,18.1243,reduced,1,1
4AOS,0.1017,oxidized,0,0
4AOX,0.4479,oxidized,0,0
4AWS,9.6363,oxidized,0,0
4AWT,14.3275,reduced,0,0
4B5N,10.8530,oxidized,0,0
4B65,0.3346,reduced,0,0
4B66,11.5875,reduced,0,0
4B67,2.5091,oxidized,0,0
4B68,4.2394,oxidized,0,0
4BUR,8.2679,reduced,0,0
4C74,11.7601,reduced,0,0
4C77,11.3043,oxidized,0,0
4D03,4.3087,oxidized,0,0
4D04,7.6344,reduced,0,0
4DSG,2.0719,oxidized,0,0
4DSH,6.2233,reduced,1,0
4FGJ,0.8855,oxidized,0,0
4FGK,0.5477,oxidized,0,0
4FGL,4.9241,reduced,0,0
4GDE,7.5700,reduced,1,0
4H4P,5.2269,oxidized,0,0
4H4Q,10.8650,reduced,0,0
4H4R,5.5861,oxidized,0,0
4H4S,11.1400,reduced,0,0
4H4T,5.6029,oxidized,0,0
4H4U,13.3821,reduced,0,0
4H4V,5.3708,oxidized,0,0
4H4W,14.0303,reduced,0,0
4H4X,5.6318,oxidized,0,0
4H4Y,9.6452,reduced,0,0
4H4Z,5.9124,oxidized,0,0
4H50,6.3943,reduced,0,0
4H6Q,1.9877,oxidized,0,0
4H6R,18.6909,reduced,1,0
4HNB,0.6169,reduced,1,1
4MIF,20.2746,reduced,1,0
4MIG,16.6201,reduced,1,0
4MOE,12.3812,reduced,1,0
4MOF,14.0173,reduced,1,0
4MOG,17.4676,reduced,1,0
4MOH,14.5179,reduced,1,0
4MOI,13.2871,reduced,1,0
4MOJ,14.2251,reduced,1,0
4MOM,13.2915,reduced,1,0
4MOO,16.9286,reduced,1,0
4MOP,17.3936,reduced,1,0
4MOQ,15.6721,reduced,1,0
4MOR,13.8735,reduced,1,0
4MOS,16.7993,reduced,1,0
4N02,15.0850,reduced,1,1
4NLL,6.2767,oxidized,0,0
4NMC,4.0420,oxidized,0,0
4NMD,24.1071,reduced,1,0
4NUL,3.9350,oxidized,0,0
4OPC,16.4319,reduced,1,0
4OPD,14.7037,reduced,1,0
4OVI,8.1604,oxidized,0,0
4RJE,16.7561,reduced,1,1
4TLX,17.1390,reduced,1,0
4TM1,17.5436,reduced,1,0
4TM4,18.3942,reduced,1,0
4U2S,16.8884,reduced,1,0
4U2T,17.1463,oxidized,0,0
4U7F,0.4106,reduced,0,0
4U7G,0.1883,oxidized,0,0
4U7H,0.7562,oxidized,0,0
4U8I,7.0215,reduced,1,0
4U8J,6.7499,reduced,1,0
4U8K,7.2061,reduced,1,0
4U8L,7.6894,reduced,1,0
4U8M,7.8078,reduced,1,0
4U8N,9.5516,reduced,1,0
4U8O,8.5941,reduced,1,0
4U8P,8.1189,reduced,1,0
4UDP,16.6045,oxidized,0,0
4UDQ,25.6600,reduced,0,0
4UTH,18.0268,oxidized,0,0
4UTI,13.3255,oxidized,0,0
4UTJ,14.0602,oxidized,0,0
4UTK,22.8793,reduced,1,1
4UTL,17.0274,reduced,1,1
4UTM,17.0967,reduced,1,1
4WX1,8.7767,reduced,1,0
4X9M,10.1156,oxidized,0,0
4X9N,7.9078,reduced,0,0
4XGK,0.1997,reduced,1,0
4XP7,20.3835,reduced,1,1
4YAL,4.7923,reduced,0,0
4YAO,5.5215,reduced,0,0
4YAU,4.3312,reduced,0,0
4YAW,4.0014,reduced,0,0
4YLF,0.2044,reduced,0,0
4YNT,21.9109,reduced,1,0
4YRY,0.0618,reduced,0,0
4ZAL,9.5921,reduced,1,1
4ZVK,0.6350,reduced,0,0
4ZVL,0.6510,oxidized,0,0
4ZVM,0.6945,oxidized,0,0
4ZVN,0.6035,reduced,0,0
5BUC,0.4523,oxidized,0,0
5CPL,18.6369,reduced,1,1
5CPM,14.7628,reduced,1,1
5CPN,16.7613,reduced,1,1
5CPO,17.3697,reduced,1,1
5EQD,0.2366,oxidized,0,0
5EQF,0.1949,oxidized,0,0
5ER9,0.1987,oxidized,0,0
5F3R,0.3177,oxidized,0,0
5G3S,16.5968,reduced,1,0
5G3T,20.7022,reduced,1,0
5G3U,12.4386,reduced,1,0
5HHF,15.6193,reduced,1,0
5K0R,10.2574,reduced,1,1
5K1K,7.8854,oxidized,0,0
5K1M,3.7537,oxidized,0,0
5K1Q,5.8187,oxidized,0,0
5K1U,5.0832,reduced,0,0
5K1W,5.3080,oxidized,0,0
5K9C,2.7428,reduced,1,1
5K9D,2.2175,reduced,1,1
5LGX,4.4468,oxidized,0,0
5LGZ,16.5835,reduced,1,1
5LLD,0.0310,reduced,0,0
5LMC,0.3801,oxidized,0,0
5LNI,12.9810,oxidized,0,0
5LNJ,18.3205,reduced,1,1
5M0Z,2.4374,reduced,0,0
5M10,11.4811,oxidized,0,0
5NLL,5.5085,oxidized,0,0
5NUL,4.4662,semiquinone,0,0
5QIB,1.3365,reduced,1,1
5TWB,3.5224,reduced,0,0
5TWC,3.9820,oxidized,0,0
5ULL,7.8836,reduced,0,0
5URD,4.0183,oxidized,0,0
5URE,5.5097,reduced,0,0
5VW2,5.9932,reduced,1,0
5VW7,4.1910,reduced,1,0
5VWT,0.7106,oxidized,0,0
5VWU,0.5037,oxidized,0,0
6D2E,4.2477,oxidized,0,0
6D2G,17.1292,reduced,1,0
6D99,5.6248,oxidized,0,0
6D9A,18.3912,reduced,1,0
6D9B,4.7854,oxidized,0,0
6D9C,19.6027,reduced,1,0
6D9D,5.9004,oxidized,0,0
6D9E,19.2438,reduced,1,0
6EBQ,0.0965,oxidized,0,0
6FSG,2.9568,oxidized,0,0
6FSI,6.5838,semiquinone,0,0
6FT1,5.2488,oxidized,0,0
6HL2,3.6355,oxidized,0,0
6HL3,3.4132,oxidized,0,0
6HL4,5.5118,reduced,0,0
6HLA,2.0710,reduced,0,0
6HLI,3.7471,reduced,0,0
6HLJ,3.9750,oxidized,0,0
6M73,12.2446,reduced,1,1
6M74,13.2544,reduced,1,1
6NUL,9.5713,reduced,0,0
6PZ0,1.4535,oxidized,0,0
6Q1B,2.1846,oxidized,0,0
6Q1L,1.8715,oxidized,0,0
6Q9G,2.6585,reduced,0,0
6Q9J,1.8631,reduced,0,0
6Q9K,1.8358,reduced,0,0
6QLH,18.5189,reduced,1,1
6QLI,11.5812,reduced,1,1
6QLL,13.7989,reduced,1,1
6R7P,3.8705,oxidized,0,0
6TYK,1.6377,semiquinone,0,0
6UFP,20.8598,reduced,1,0
6X0H,4.6983,oxidized,0,0
6X0I,3.3327,oxidized,0,0
6X0J,10.3659,reduced,1,0
6X0K,6.6685,reduced,1,0
6X9C,18.2320,reduced,1,0
6ZE2,26.5772,reduced,1,0
6ZE3,19.0600,reduced,1,0
6ZE4,24.8247,reduced,1,0
6ZE5,17.4994,reduced,1,0
6ZE6,24.3603,reduced,1,0
6ZE7,25.0517,reduced,1,0
7AA2,24.7787,reduced,1,0
7EPV,5.3773,reduced,1,0
7EPW,3.9372,reduced,1,0
7JH4,22.9673,reduced,1,1
7LJU,5.1761,reduced,1,1
7M32,3.9302,reduced,1,1
7MMQ,7.9604,reduced,0,0
7MMR,0.4308,oxidized,0,0
7MMS,8.9677,reduced;semiquinone,1,1
7NDW,2.2259,reduced,1,0
7NDZ,4.1669,reduced,1,0
7Q4W,0.0442,oxidized,0,0
7R0F,0.0503,oxidized,0,0
7R1H,0.0851,reduced,0,0
7R1J,0.0808,reduced,0,0
7R2O,0.0436,oxidized,0,0
7R2P,0.0098,oxidized,0,0
7R2R,0.0390,reduced,0,0
7VIW,3.1277,oxidized;semiquinone,0,0
7VJ6,4.0769,semiquinone,0,0
7VJ7,16.2731,reduced,0,0
7VJ8,1.7695,oxidized,0,0
7VJ9,5.8144,reduced;semiquinone,0,0
7VKD,22.2164,reduced,1,0
7VKF,22.4042,reduced,1,0
7YC7,11.3176,reduced,0,0
7YE0,2.7328,oxidized,0,0
7Z3E,0.3673,reduced,1,1
8A5E,0.0703,reduced,0,0
8A6T,0.0154,reduced,0,0
8BEW,0.0458,oxidized,0,0
8DQ7,21.0207,reduced,1,0
8DQ8,18.3845,reduced,1,0
8E5H,15.9967,reduced,1,1
8F5W,0.8477,reduced,1,1
8F61,0.2291,reduced,1,1
8J4V,0.6118,oxidized,0,0
8J4W,0.2525,reduced,0,0
8J4X,0.1822,oxidized,0,0
8J4Y,0.1033,reduced,0,0
8JEJ,0.1549,reduced,0,0
8JEK,0.4467,oxidized,0,0
8OET,13.5459,reduced,1,0
8OY3,20.7906,reduced,1,0
8OY4,18.7565,reduced,1,0
8OY5,12.7829,reduced,1,0
8OY6,6.0744,reduced,1,0
8OY7,8.0919,reduced,1,0
8OY8,8.4714,reduced,1,0
8OY9,6.1137,reduced,1,0
8OYA,8.9202,reduced,1,0
8OYB,4.1367,reduced,1,0
8OYC,6.1570,reduced,1,0
8QG1,4.3654,oxidized,0,0
8QGW,5.4690,oxidized,0,0
8QH4,5.7971,oxidized;reduced,1,1
8QH7,2.9267,reduced,1,1
8QHK,3.2550,reduced,1,1
8RBM,0.3399,oxidized,0,0
8RBQ,0.2100,reduced,0,0
8REN,13.7835,reduced,1,0
8REO,3.1926,reduced,1,0
8REP,1.5362,oxidized,0,0
8REQ,5.0460,reduced,1,0
8Z24,5.8971,oxidized,0,0
8Z26,6.7948,oxidized,0,0
8Z2D,6.8958,oxidized,0,0
8Z3D,5.1860,oxidized,0,0
8Z3G,5.3326,oxidized,0,0
8Z3L,5.2620,oxidized,0,0
8Z3X,5.2620,oxidized,0,0
8Z41,5.2620,oxidized,0,0
8Z44,14.0551,oxidized,0,0
8Z45,5.2620,oxidized,0,0
8Z4K,4.9414,oxidized,0,0
8Z4M,4.8715,oxidized,0,0
8Z4P,4.9037,oxidized,0,0
8Z4U,4.9417,oxidized,0,0
8Z6I,5.1707,oxidized,0,0
8Z6J,5.1413,oxidized,0,0
8Z6K,5.1511,oxidized,0,0
8Z8F,5.1511,oxidized,0,0
8Z8K,5.1035,oxidized,0,0
8ZA8,1.7979,reduced,0,0
8ZLR,0.2722,reduced;semiquinone,1,0
9C8A,26.6633,reduced,1,0
9C8B,25.8876,reduced,1,0
9ENI,12.3295,reduced,1,0
9ENJ,10.6406,reduced,1,0
9ENK,9.8921,reduced,1,0
9ENN,13.7737,reduced,1,0
9ERJ,0.1983,reduced,0,0
9ERK,0.1970,reduced,0,0
9FDK,5.0965,oxidized,0,0
9FDV,5.2000,reduced,1,1
9FE0,3.4328,reduced,1,1
9FE5,3.2061,reduced,1,1
9FE7,2.7060,oxidized,0,0
9FE8,2.7824,reduced,1,1
9FEA,4.5772,reduced,1,1
9FIH,2.9841,reduced,1,1
9FII,5.4126,oxidized,0,0
9FIJ,7.0404,reduced,1,1
9FIL,5.3960,reduced,1,1
9FL7,0.0233,reduced,0,0
9HE5,5.3059,oxidized,0,0
9HEG,1.9298,oxidized,0,0
9HEM,5.0017,oxidized,0,0
9HEN,3.7926,oxidized,0,0
9HJV,0.5488,reduced,1,0
9HKE,0.8458,reduced,1,0
9HNL,0.0745,oxidized,0,0
9HNM,1.4433,oxidized,0,0
9HNN,5.2394,reduced,0,0
9HNO,0.0105,oxidized,0,0
9KK7,3.2211,reduced,1,0
9KKC,1.1074,oxidized,0,0
9KKG,1.3240,oxidized,0,0
9KKH,0.7527,reduced,1,0
9L8G,0.9218,oxidized,0,0
9SMF,0.0569,reduced,0,0
9SMG,0.0830,reduced,0,0
9SMH,0.0786,reduced,0,0
9SMI,0.1108,reduced,0,0
9UD2,0.1543,reduced,0,0
9UD4,0.0250,reduced,0,0
9UD5,0.0258,reduced,0,0
9UD6,0.1252,reduced,0,0
9UD8,0.0163,reduced,0,0
9UD9,0.0536,reduced,0,0
9UDA,0.0871,reduced,0,0
9UDF,0.0478,reduced,0,0
9UDG,0.0635,reduced,0,0
9UUU,0.0957,reduced,0,0
9V69,9.8837,reduced,1,0
9V6B,2.6155,oxidized,0,0
9V6C,3.4732,oxidized,0,0
9VPR,2.2067,oxidized,0,0
9VPS,17.6609,reduced,1,1
9VPT,3.9460,oxidized,0,0
9VPU,11.9120,reduced,1,1
9VPV,3.2668,oxidized,0,0
9VPW,17.3253,reduced,1,1
9VPX,4.5719,oxidized,0,0
9VPY,15.6099,reduced,1,1
9VPZ,19.7013,reduced,1,1
