pdb_id,kw,npd,ed,nd,has_any_signal
10QV,,,,,False
1A8P,,,,,False
1AHN,,,,,False
1AHZ,,,,,False
1AKQ,,,,,True
1AKR,,,,,True
1AKV,,,,,True
1AKW,,,,,True
1AL7,,,,,False
1AL8,,,,,False
1AMO,,,,,False
1AN9,,,,,False
1AOG,,,,,True
1AXJ,,,,,False
1B1C,,,,,False
1B2R,,,,,False
1B37,,,,,False
1B4V,,,,,False
1B5Q,,,,,False
1B5T,,,,,False
1AZL,,,,,False
1AKU,,,,,True
1AKT,,,,,True
1AHV,,,,,False
1AG9,,,,,True
1B8S,,,,,False
1BF3,,,,,False
1BGJ,,,,,False
1BHY,,,,,False
1BJK,,,,,False
1BKJ,,,,,False
1BKW,,,,,False
1BUC,,,,,False
1BVY,,,,,False
1C0I,,,,,False
1CC2,,,,,False
1CBO,,,,,False
1C7F,,,,,True
1C7E,,,,,True
1C0P,,,,,False
1C0L,,,,,False
1C0K,,,,,False
1BZL,,,oxidized,,False
1BX1,,,,,False
1BX0,,,,,False
1BWL,,,,,False
1BWK,,,,,False
1BWC,,,,,False
1BQE,,,,,False
1BGN,,,,,False
1CC4,,,,,False
1CC6,,,,,False
1CI0,,,,,False
1CJ2,,,,,False
1CJ3,,,,,False
1CJ4,,,,,False
1CJC,,,,,False
1CL0,,,,,True
1CNE,,,,,False
1COY,,,,,False
1CQX,,,,,False
1CZH,,,,,False
1CZK,,,,,False
1CZL,,,,,False
1CZN,,,,,True
1CZO,,,,,False
1CZR,,,,,False
1CZU,,,,,True
1D03,,,,,True
1D04,,,,,False
1D4A,,,,,False
1D3H,,,,,False
1D3G,,,,,False
1CNF,,,,,False
1CF3,,,,,False
1D4C,,,,,False
1D4D,,,,,False
1D7Y,,,,,False
1DDG,,,,,False
1DDI,,,,,False
1DII,,,,,False
1DIQ,,,,,False
1DNC,,,,,False
1DNL,,,,,False
1DNP,,,,,False
1DOB,,,,,False
1DOC,,,,,False
1DOD,,,,,False
1DOR,,,,,False
1DS7,,,,,False
1DXQ,,,,,False
1DZN,,,,,False
1E0Y,,,,,False
1DXO,,,,,False
1DXL,,,,,False
1DOE,,,,,False
1DJQ,,,,,False
1DJN,,,,,False
1DDO,,,,,True
1D4E,,,,,False
1E1K,,,,,False
1E1L,,,,,False
1E1M,,,,,False
1E1N,,,,,False
1E20,,,,,False
1E39,,,,,False
1E62,,,,,False
1E63,,,,,False
1E64,,,,,False
1E6E,,,,,False
1E7P,,,,,False
1E8G,,,,,False
1EA0,,,,,False
1EGC,,,,,False
1EGD,,,,,False
1EJE,,,,,False
1EL5,,,,,False
1EL7,,,,,False
1EL9,,,,,False
1EL8,,,,,False
1EGE,,,,,False
1EFV,,,,,False
1EFP,,,,,False
1EBD,,,,,False
1E5D,,,,,False
1EP1,,,,,False
1EP2,,,,,False
1EP3,,,,,False
1EVI,,,,,False
1EWY,,,,,False
1F20,,,,,False
1F5V,,,,,False
1F76,,,,,False
1F8R,,,,,False
1FCB,,,,,False
1FDR,,,,,False
1FEA,,,,,False
1FEB,,,,,False
1FEC,,,,,False
1FIQ,,,,,False
1FFV,,,,,False
1FFU,,,,,False
1FCD,,,,,False
1F8W,,,,,False
1F8S,,,,,False
1F6M,,,,,False
1F4P,,,,,False
1F3P,,,,,False
1F0X,,,,,False
1ELI,,,,,False
1FL2,,,,,False
1FLA,,,,,True
1FLM,,,,,False
1FLV,,,,,True
1FNB,,,,,True
1FNC,,,,,True
1FND,,,,,True
1FO4,,,,,False
1FOH,,,,,False
1FRN,,,,,False
1FRQ,,,,,False
1FVX,,,,,True
1G28,,,,,False
1G5Q,,,,,False
1G63,,,,,False
1G78,,,,,False
1G79,,,,,False
1GAL,,,,,False
1G77,,,,,False
1G76,,,,,False
1FX1,,,,,False
1FUE,,,,,False
1FMN,,,,,False
1FLN,,,,,True
1FLD,,,,,True
1GER,,,,,False
1GES,,,,,False
1GET,,,,,False
1GEU,,,,,False
1GJR,,,,,False
1GO2,,,,,False
1GOS,,,,,False
1GOX,,,,,False
1GPE,,,,,False
1GR1,,,,,False
1GRA,,,,,False
1GRB,,,,,False
1GRE,,,,,False
1GRG,,,,,False
1GRH,,,,,False
1GRT,,,,,False
1GSN,,,,,False
1GTE,,,,,False
1GTH,,,,,False
1GV4,,,,,False
1GT8,,,,,False
1GRF,,,,,False
1GG5,,,,,False
1GAW,,,,,False
1GAQ,,,,,False
1GVR,,,,,False
1H66,,,,,False
1H85,,,,,False
1H84,,,,,False
1H83,,,,,False
1H82,,,,,False
1H81,,,,,True
1H7X,,,,,False
1H7W,,,,,False
1H6V,,,,,False
1H69,,,,,False
1H63,reduced,,,,True
1H62,,,,,False
1H61,,,,,False
1H60,,,,,False
1H51,,,,,True
1H50,,,,,False
1H42,,,,,False
1GYL,,,,,False
1GXF,,,oxidized,,False
1GWJ,,,,,False
1GVS,,,,,False
1GVQ,,,,,False
1GVO,,,,,False
1GVH,,,,,False
1H86,,,,,False
1HSK,,,,,False
1HUV,,,,,False
1I0R,,,,,False
1I1O,,,,,False
1I7P,,,,,False
1I8T,,,,,False
1IB0,,,,,False
1ICP,,,,,False
1ICQ,,,,,False
1ICR,,,,,False
1ICU,,,,,False
1ICV,,,,,False
1IDT,,,,,False
1IJH,,,,,False
1IUS,,,,,False
1IUT,,,,,False
1IS2,,,,,False
1IQU,,,,,False
1IQR,,,,,False
1ICS,,,,,False
1I19,,,,,False
1I0S,,,,,False
1HYU,,,,,False
1HE4,,,,,False
1JB9,,,,,False
1JEH,,,,,False
1JNW,,,,,False
1JQI,,,,,False
1JQX,,,,,False
1JRA,,,,,False
1JRC,,,,,False
1JRB,,,,,False
1JR8,,,,,False
1JQV,,,,,False
1JOA,,,,,False
1JNZ,,,,,False
1JNU,,,,,False
1JNR,,,,,False
1JA1,,,,,False
1JA0,,,,,False
1J9Z,,,,,False
1J9G,,,,,True
1J9E,,,,,False
1J8Q,,,,,False
1IVH,,,,,False
1IUX,,,,,False
1IUW,,,,,False
1IUV,,,,,False
1IUU,,,,,False
1KBI,,,,,False
1KF6,,,,,False
1KFY,,,,,False
1KQ4,,,,,False
1KNR,,,,,False
1KNP,,,,,False
1KIF,,,,,False
1KBQ,,,,,False
1KBO,,,,,False
1KBJ,,,,,False
1K4Q,,,,,False
1K0L,,,,,False
1K0J,,,,,False
1K0I,,,,,False
1K03,,,,,False
1K02,,,,,False
1JUE,,,,,False
1JUB,,,,,False
1JU2,,,,,False
1JSC,,,,,False
1JRZ,,,,,False
1JRY,,,,,False
1JRX,,,,,False
1JRP,,,,,False
1JRO,,,,,False
1KQB,,,,,False
1KQC,,,,,False
1KQD,reduced,,,,True
1KSS,,,,,False
1KSU,,,,,False
1L0V,,,,,False
1L9C,,,,,False
1L9D,,,,,False
1L9E,,,,,False
1LCO,,,,,False
1LDC,,,,,False
1LJ1,,,,,False
1LLW,,,,,False
1LLZ,,,,,True
1LM1,,,,,False
1LPF,,,,,False
1LQU,,,,,False
1LTD,,,,,False
1LVL,,,,,False
1M64,,,,,False
1M6I,,,,,False
1MBB,,,,,False
1MBT,,,,,False
1LQT,,,,,False
1KRH,,,,,False
1MO9,,,,,False
1MVL,,,,,False
1MXT,,,,,False
1N07,,,,,False
1N0H,,,,,False
1N1P,,,,,False
1N4V,,,,,False
1N5W,,,,,True
1N5X,,,,,False
1N60,,,,,False
1N61,,,,,True
1N62,,,,,False
1N63,,,,,True
1N9L,,,,,False
1N9N,,,,,False
1N9O,,,,,False
1NDA,,,,,True
1NDH,,,,,False
1NEC,,,,,False
1NEK,,,,,False
1NEN,,,,,False
1N4W,,,,,False
1N4U,,,,,False
1MVN,,,,,False
1MOK,,,,,False
1NFP,,,,,False
1NG4,,,,,False
1NHP,,,,,False
1NHR,,,,,False
1NOX,,,,,False
1NP7,,,,,False
1NPX,,,,,False
1NRG,,,,,False
1O29,,,,,False
1O2A,,,,,False
1O2B,,,,,False
1O5W,,,,,False
1O94,,,,,False
1O95,,,,,False
1O97,,,,,False
1OBO,,,,,False
1OBV,,,,,False
1OFD,,,,,False
1O96,,,,,False
1O27,,,,,False
1O26,,,,,False
1NNI,,,,,False
1NHS,,,,,False
1NHQ,,,,,False
1NG3,,,,,False
1OFE,,,,,False
1OFV,,,,,True
1OGJ,,,,,False
1OJ9,,,,,False
1OJA,,,,,False
1ONF,,,,,False
1OO5,,,,,False
1OO6,,,,,False
1OON,,,,,False
1OOQ,,,,,False
1OQC,,,,,False
1OVD,,,,,False
1OWL,,,,,False
1OWM,,,,,False
1OWO,,,,,False
1OWP,,,,,False
1OYB,,,,,False
1P0N,,,,,False
1OYC,,,,,False
1OYA,,,,,False
1OWN,,,,,False
1OJT,,,,,False
1OJD,,,,,False
1OJC,,,,,False
1OGI,,,,,False
1P2E,,,,,False
1P2H,,,,,False
1P3Y,,,,,False
1P4C,,,,,True
1PBB,,,,,False
1PBC,,,,,False
1PBD,,,,,False
1PBF,,,,,False
1PHH,,,,,False
1PJ5,,,,,False
1PJ6,,,,,False
1PJ7,,,,,False
1PN0,,,,,False
1POX,,,,,False
1PS9,,,,,False
1PXA,,,,,False
1PXC,,,,,False
1Q1R,,,,,False
1Q1W,,,,,False
1Q45,,,,,False
1PXB,,,,,False
1POW,,,,,False
1PBE,,,,,False
1P5B,,,,,True
1P4M,,,,,False
1Q9I,,,,,False
1Q9S,,,,,False
1QBG,,,,,False
1QFY,,,,,False
1QG0,,,,,False
1QGA,,,,,False
1QGY,,,,,False
1QH0,,,,,False
1QJD,,,,,False
1QLB,,,,,False
1QLU,,,,,False
1QNF,,,,,False
1QO8,,,,,False
1QR2,,,,,False
1QRD,,,,,False
1QUE,,,,,False
1QUF,,,,,False
1QZU,,,,,False
1R2J,,,,,False
1RCF,,,,,True
1QXO,,,,,True
1QX4,,,,,False
1QLT,,,,,False
1QGZ,,,,,False
1QFZ,,,,,False
1REO,,,,,False
1RLJ,,,,,False
1RM6,,,,,False
1RP4,,,,,False
1RSG,,,,,False
1RX0,,,,,False
1RYI,,,,,False
1RZ0,,,,,False
1RZ1,,,,,True
1S2Q,,,,,False
1S3B,,,,,False
1SB3,,,,,False
1SBZ,,,,,False
1SEZ,,,,,False
1SG0,,,,,False
1SIQ,,,,,False
1SIR,,,,,False
1SM4,,,,,False
1SZE,,,,,False
1SZF,,,,,False
1T0I,,,,,False
1T3Q,,,,,False
1S3E,,,,,False
1S2Y,,,,,False
1RQ1,,,,,False
1T6Y,,,,,False
1T9A,,,,,False
1T9B,,,,,False
1T9C,,,,,False
1TB3,,,,,False
1TDE,,,,,False
1TDF,,,,,False
1TDK,,,,,False
1TDN,,,,,False
1TDO,,,,,False
1TEZ,,,,,False
1TIW,,,,,False
1TJ0,,,,,False
1TJ1,,,,,False
1TJ2,,,,,False
1TLL,,,,,False
1TRB,,,,,False
1TV5,,,,,False
1TVC,,,,,True
1TT0,,,,,False
1T9M,,,,,False
1T9G,,,,,False
1T9D,,,,,False
1T5B,,,,,False
1T57,,,,,False
1TYP,,,,,False
1TYT,,,oxidized,,False
1TZL,,,,,False
1U3C,,,,,False
1U3D,,,,,False
1UKW,,,,,False
1UM0,,,,,False
1UMK,,,,,False
1UUM,,,,,False
1UXY,,,,,False
1V0J,,,,,False
1V4B,,,,,True
1V5F,,,,,False
1V5G,,,,,False
1V5Y,,,,,False
1V5Z,,,,,False
1V93,,,,,False
1V5E,,,,,False
1V59,,,,,False
1UUO,,,,,False
1USF,,,,,False
1USC,,,,,False
1UDY,,,,,False
1U8V,,,,,False
1TY9,,,,,False
1VAO,,,,,False
1VCF,,,,,False
1VCG,,,,,False
1VDC,,,,,False
1VDV,,,,,False
1VE9,,,,,False
1VFR,,,,,False
1VHN,,,,,False
1VJI,,,,,False
1VP8,,,,,False
1VQW,,,,,False
1VRQ,,,,,False
1VYR,,,,,False
1VYS,,,,,False
1W07,,,,,False
1W1K,,,,,False
1W1O,,,,,False
1W1Q,,,,,False
1W1S,,,,,False
1W1R,,,,,False
1W1M,,,,,False
1W1L,,,,,False
1W1J,,,,,False
1VYP,,,,,False
1V97,,,,,False
1W4X,,,,,False
1W87,,,,,False
1XT6,,,,,True
1Y0P,,,,,False
1XYY,oxidized,,,,True
1XYV,,,,,True
1XPQ,,,,,False
1XI2,,,,,False
1XHC,,,,,False
1XDI,,,,,False
1XAN,,,,,False
1X77,,,,,False
1X31,,,,,False
1X0P,,,,,False
1WYG,,,,,False
1WVF,,,,,False
1WVE,,,,,False
1WV4,,,,,False
1WSW,,,,,True
1WSB,,,,,False
1WLK,,,,,False
1WLI,,,,,False
1WAM,,,,,False
1W35,,,,,False
1W34,,,,,False
1Y30,,,,,False
1Y56,,,,,False
1Y9D,,,,,False
1YBH,,,,,False
1YCF,,,,,True
1YCG,,,,,False
1YCH,,,,,False
1YHY,,,,,False
1YHZ,,,,,False
1YI0,,,,,False
1YI1,,,,,False
1YKG,,,,,False
1YKI,,,,,False
1YLR,,,,,False
1YLU,,,,,False
1YOB,,,,,False
1YQ3,,,,,False
1YQ4,,,,,False
1YQZ,,,,,False
1YW1,,,,,False
1YWQ,,,,,False
1YRX,,,,,False
1YRH,,,,,False
1YOA,,,,,False
1YKJ,,,,,False
1YY5,,,,,False
1Z41,,,,,True
1Z42,,,,,True
1ZCH,,,,,False
1ZDL,,,,,False
1ZK7,,,,,False
1ZMC,,,,,False
1ZMD,,,,,False
1ZP0,,,,,False
1ZP4,,,,,True
1ZPT,,,,,True
1ZR6,,,,,False
1ZX1,,,,,False
1ZX9,,,,,False
1ZXI,,,,,False
1ZWL,,,,,False
1ZRQ,,,,,True
1ZP3,,,,,True
1ZOY,,,,,False
1ZOV,,,,,False
1ZKQ,,,,,False
1Z8N,,,,,False
1Z6L,,,,,False
1Z48,,,,,True
1Z44,,,,,True
1ZY8,,,,,False
22EY,,,,,False
22FE,,,,,False
23LO,,,,,False
28MB,,,,,False
28WL,,,,,False
29OI,,,,,False
29VY,,,,,False
29VZ,,,,,False
29WA,,,,,False
2A1T,,,,,False
2A7P,,,,,False
2A85,,,,,False
2A87,,,,,False
2AAQ,,,,,False
2ABA,reduced,,,,True
2ABB,,,,,False
2ACZ,,,,,False
2A8X,,,,,False
2A7N,,,,,False
2A1U,,,,,False
22FF,,,,,False
22FD,,,,,False
22FC,,,,,False
21JV,,,,,False
2AF6,,,,,False
2AXR,,,,,False
2B76,,,,,False
2BC1,,,,,False
2BGI,,,,,False
2BF4,,,,,False
2BCP,,,,,False
2BC0,,,,,False
2BAC,,,,,False
2BAB,,,,,False
2BA9,,,,,False
2B9Y,,,,,False
2B9X,,,,,False
2B9W,,,,,False
2B7S,,,,,False
2B7R,,,,,False
2B67,,,,,False
2B5O,,,,,False
2B4G,,,,,False
2B3D,,,,,False
2B0M,,,,,False
2ARD,,,,,True
2AR8,,,,,False
2AQJ,,,,,False
2APG,,,,,False
2BI7,,,,,True
2BI8,,,,,True
2BK5,,,,,False
2BMW,,,,,False
2BPO,,,,,False
2BS4,,,,,False
2BSA,,,,,False
2BVF,,,,,False
2BXV,,,,,False
2BXS,,,,,False
2BXR,,,,,False
2BX7,,,,,False
2BVH,,,,,False
2BVG,,,,,False
2BUN,,,,,False
2BSL,,,,,False
2BS3,,,,,False
2BS2,,,,,False
2BRY,,,,,False
2BRA,,,,,False
2BN4,,,,,False
2BKJ,,,,,False
2BK4,,,,,False
2BK3,,,,,False
2BGJ,,,,,False
2BYB,,,,,False
2BYC,,,,,False
2BZS,,,,,False
2C0U,,,,,False
2C12,,,,,False
2C3C,,,,,False
2C4C,,,,,False
2C64,,,,,False
2C67,,,,,False
2C72,,,,,False
2C73,,,,,False
2C75,,,,,False
2C76,,,,,False
2CDU,,,,,False
2CIE,,,,,False
2CIF,,,,,False
2CJC,,,,,False
2CKJ,,,,,False
2CFY,,,,,False
2CFA,,,,,False
2C7G,,,,,False
2C70,,,,,False
2C66,,,,,False
2C65,,,,,False
2C3D,,,,,False
2CND,,,,,False
2CUL,,,,,False
2CZ8,,,,,False
2D29,,,,,False
2D37,,,,,False
2D38,,,,,False
2D5I,,,,,False
2D5M,,,,,False
2DDH,,,,,False
2DJL,,,,,False
2DJX,,,,,False
2DKH,,,,,False
2DKI,,,,,False
2DOR,,,,,False
2DU2,,,,,False
2DVL,,,,,False
2DW4,,,,,False
2E0I,,,,,False
2E1M,,,,,False
2E1Q,,,,,False
2E3T,,,,,False
2DU8,,,,,False
2DJI,,,,,False
2D36,,,,,False
2CVJ,,,,,False
2E5V,,,,,False
2E68,,,,,False
2E6D,,,,,False
2E6F,,,,,False
2E77,,,,,False
2E83,,,,,False
2EBA,,,,,False
2ED4,,,,,False
2EIX,,,,,False
2EKG,,,,,False
2EQ6,,,,,False
2EQ7,,,,,False
2EQ9,,,,,False
2EXR,,,,,False
2EZ4,,,,,False
2EZ8,,,,,False
2EZ9,,,,,False
2EZU,,,,,False
2EZT,,,,,False
2EQ8,,,,,False
2E82,,,,,False
2E6A,,,,,False
2E4A,,,,,False
2E49,,,,,False
2E48,,,,,False
2FDX,,,,,True
2FOX,,,,,True
2FZ5,,,,,True
2FX2,,,,,False
2FVX,,,,,True
2FUG,,,,,False
2FRE,,,,,False
2FQI,,,,,False
2FPY,,,,,False
2FPV,,,,,False
2FPT,,,,,False
2FON,,,,,False
2FMO,,,,,False
2FMN,,,,,False
2FLV,,,,,True
2FJE,,,,,True
2FJA,,,,,False
2FG9,,,,,False
2FCR,,,,,True
2FBW,,,,,False
2FAX,,,,,True
2F6C,,,,,False
2F5Z,,,,,False
2F5V,,,,,False
2F1O,,,,,False
2FZM,reduced,,,,True
2GAG,,,,,False
2GF3,,,,,False
2GMH,,,,,False
2GMJ,,,,,False
2GR0,,,,,True
2GQW,,,,,True
2GQU,,,,,False
2GQT,,,,,False
2GQF,,,,,False
2GQA,,,,,True
2GQ9,,,,,False
2GQ8,,,,,False
2GPJ,,,,,False
2GOU,,,,,True
2GJN,,,,,False
2GJL,,,,,False
2GJ3,,,,,False
2GH5,,,,,False
2GEW,,,,,False
2GB0,,,,,False
2GAH,,,,,False
2G5W,,,,,False
2G37,,,,,False
2FZN,reduced,,,,True
2GRT,,,,oxidized,True
2H0U,,,,,False
2HQM,,,,,False
2HSA,,,,,False
2HS8,,,,,False
2HS6,,,,,False
2HQ9,,,,,False
2HPV,,,,,False
2HKO,,,,,False
2HJ3,,,,,False
2HFO,,,,,False
2HFN,,,,,False
2HAY,,,,,False
2H94,,,,,False
2H90,,,,,False
2H8Z,,,,,False
2H8X,,,,,True
2H89,,,,,False
2H88,,,,,False
2GVC,,,,,False
2GV8,,,,,False
2GSW,,,,,False
2GR3,,,,,True
2GR2,,,,,True
2GR1,,,,,True
2IML,,,,,False
2ISL,,,,,True
2IX6,,,,,False
2IYG,,,,,False
2IX5,,,,,False
2IW5,,,,,False
2IVE,,,,,False
2IVD,,,,,False
2ISK,,,,,True
2ISJ,,,,,True
2IPI,,,,,False
2IJG,,,,,False
2IID,,,,,False
2IGO,,,,,False
2IGN,,,,,False
2IGM,,,,,False
2IGK,,,,,False
2IG6,,,,,False
2IFA,,,,,False
2I7H,,,,,False
2I51,,,,,False
2I0Z,,,,,False
2I0K,,,,,False
2I02,,,,,False
2HTI,,,,,False
2IYI,,,,,False
2J3N,,,,,False
2J6X,,,,,False
2JB1,reduced,,,,False
2JB2,,,,,False
2JBS,,,,,False
2JIF,,,,,False
2JK6,,,,,False
2JKC,,,,,False
2KB2,,,,,False
2M6S,,,,,False
2MBR,,,,,False
2MOK,,,,,False
2MWG,,,,,False
2NLI,,,,,False
2NPX,,,,,False
2NR4,,,,,False
2MT9,,,,,False
2JBT,,,,,False
2JB3,,,,,False
2JAE,,,,,False
2J4D,,,,,False
2J09,,,,,False
2J08,,,,,False
2J07,,,,,False
2OAL,,,,,False
2OK7,,,,,False
2OLO,,,,,False
2OU5,,,,,False
2PR6,,,,,False
2PR5,,,,,False
2PIA,,,,,False
2PGO,,,,,False
2PGN,,,,,False
2PG0,,,,,False
2PDR,,,,,False
2PD8,,,,,False
2PD7,,,,,False
2PAN,,,,,False
2OZ0,,,,,False
2OYS,,,,,False
2OLN,,,,,False
2OK8,,,,,False
2OHJ,,,,,True
2OHI,,,,,True
2OHH,,,,,True
2OA1,,,,,False
2O12,,,,,False
2NZL,,,,,False
2NVK,,,,,False
2Q85,,,,,False
2QTZ,,,,,False
2QTL,,,,,False
2QR2,,,,,False
2QPM,,,,,False
2QMZ,,,,,False
2QMY,,,,,False
2QKN,,,,,False
2QDX,,,,,False
2QCU,,,,,False
2QAE,,,,,False
2QA2,,,,,False
2QA1,,,,,False
2Q9U,,,,,False
2Q7V,,,,,False
2Q6U,,,,,False
2Q4W,,,,,False
2Q3R,,,,,False
2Q3O,,,,,False
2Q0L,reduced,,,,True
2Q0K,,,,,True
2PTF,,,,,False
2PRM,,,,,False
2PRL,,,,,False
2PRH,,,,,False
2QWX,,,,,False
2QX6,,,,,False
2QX8,,,,,False
2QX9,,,,,False
2R01,,,,,False
2R0N,,,,,False
2R0P,,,,,False
2R45,,,,,False
2R46,,,,,False
2R4E,,,,,False
2R4J,,,,,False
2R6V,,,,,False
2R96,,,,,False
2R97,,,,,False
2R9Z,,,,,False
2RAB,,,,,False
2RC5,,,,,False
2RC6,,,,,False
2RDT,,,,,False
2R6H,,,,,False
2R14,,,,,False
2R0M,,,,,False
2R0G,,,,,False
2R0C,,,,,False
2QX4,,,,,False
2REH,,,,,False
2RGH,,,,,False
2UUU,,,,,False
2UV8,,,,,False
2UX9,,,,,False
2UXN,,,,,True
2V1D,,,,,False
2V3B,,,,,False
2V3A,,,,,False
2V21,,,,,False
2V1B,,,,,False
2V1A,,,,,False
2V19,,,,,False
2V18,,,,,False
2V0W,,,,,False
2V0U,,,,,False
2UZZ,,,,,False
2UXW,,,,,False
2UUV,,,,,False
2TPR,,,,,False
2TMD,,,,,False
2RGO,,,,,False
2RGJ,,,,,False
2RDW,,,,,False
2RDU,,,,,False
2V5V,,,,,False
2V61,,,,,False
2V9C,,,,,False
2VFS,,,,,False
2VIG,,,,,False
2VKZ,,,,,False
2VNH,,,,,False
2VNI,,,,,False
2VNJ,,,,,False
2VNK,,,,,False
2VRM,,,,,False
2VRL,,,,,False
2VQB,,,,,False
2VQ7,,,,,False
2VOU,,,,,False
2VFU,,,,,False
2VFT,,,,,False
2VFR,,,,,False
2VDC,,,,,False
2VBV,,,,,False
2VAO,,,,,False
2V6O,,,,,False
2V60,,,,,False
2V5Z,,,,,False
2V5U,,,,,False
2W54,,,,,False
2W5U,,,,,False
2WHD,,,,,False
2WET,,,,,False
2WES,,,,,False
2WDW,,,,,False
2WDV,,,,,False
2WDR,,,,,False
2WDQ,,,,,False
2WC1,,,,,False
2WBI,,,,,False
2WBA,,,,,False
2WB2,,,,,False
2W55,,,,,False
2W3S,,,,,False
2W3R,,,,,False
2W0U,,,,,False
2W0H,reduced,,,,False
2VZL,,,,,False
2VZ2,,,,,False
2VYX,,,,,False
2VYQ,,,,,False
2VVM,,,,,False
2VVL,,,,,False
2VTB,,,,,False
2WKP,,,,,False
2WOV,,,,,False
2WOW,,,,,False
2WP5,,,,,False
2WP6,,,,,False
2WPC,,,,,False
2WPE,,,,,False
2WPF,,,,,False
2WQ7,,,,,False
2WQY,,,,,False
2WZW,,,,,False
2X0L,,,,,False
2X2O,,,,,True
2WZV,,,,,False
2WV8,,,,,False
2WU5,,,,,False
2WU2,,,,,False
2WSI,,,,,False
2WS3,,,,,False
2WQF,,,,,False
2WQ6,,,,,False
2WP9,,,,,False
2WOI,,,,,False
2WKR,,,,,False
2WKQ,,,,,False
2X3N,,,,,False
2X8C,,,,,True
2X99,,,,,False
2XAF,,,,,False
2XAH,,,,,False
2XAQ,,,,,False
2XAS,,,,,False
2XDO,,,,,False
2XFQ,,,,,False
2XLR,,,,,False
2XLS,,,,,False
2XLU,,,,,False
2XNC,,,,,False
2XLT,,,,,False
2XLP,,,,,False
2XFP,,,,,False
2XFO,,,,,False
2XFN,,,,,False
2XAJ,,,,,False
2XAG,,,,,False
2X8H,,,,,False
2X8G,,,,,True
2X50,,,,,False
2X3U,,,,,False
2X2P,,,,,True
2Y6Q,,,,,False
2Y6R,,,,,False
2YBB,,,,,False
2YG7,,,,,False
2YG6,,,,,False
2YG5,,,,,False
2YG4,,,,,False
2YG3,,,,,False
2YAU,,,,,False
2Y4G,,,,,False
2Y48,,,,,False
2Y3S,,,,,False
2Y3R,,,,,False
2Y08,,,,,False
2XYO,,,,,False
2XVJ,,,,,False
2XVI,,,,,False
2XVH,,,,,False
2XVF,,,,,False
2XVE,,,,,False
2XRZ,,,,,False
2XRY,,,,,False
2XOE,,,,,True
2XOD,,,,,True
2XNJ,,,,,False
2YIE,,,,,False
2YIZ,,,,,False
2YLS,,,,,True
2YLZ,,,,,False
2YM1,,,,,False
2YMV,reduced,,,,True
2YQU,,,,,False
2YR4,,,,,False
2YR5,,,,,False
2YR6,,,,,False
2YVF,,,,,True
2YVG,,,,,True
2YVJ,,,,,False
2YWL,,,,,False
2YYI,,,,,False
2YYL,,,,,False
2YYM,,,,,False
2Z1Q,,,,,False
2YYJ,,,,,False
2YM2,,,,,True
2YLX,,,,,False
2YLW,,,,,False
2YLT,,,,,False
2YLR,,,,,False
2YJ0,,,,,False
2Z5X,,,,,False
2Z6C,,,,,False
2Z6D,,,,,False
2Z6I,,,,,False
2Z6J,,,,,False
2Z98,,,,,True
2Z9B,,,,,True
2Z9C,,,,,False
2ZAF,,,,,False
2ZFA,,,,,False
2ZRU,,,,,False
2ZRV,reduced,,,,True
2ZRW,,,,,False
2ZRX,,,,,False
2ZRY,reduced,,,,True
2ZRZ,,,,,True
2ZXH,,,,,False
2ZZ0,,,,,False
2ZZB,,,,,False
2ZZC,,,,,False
31CJ,,,,,True
2ZXI,,,,,False
2ZBW,,,,,False
2Z9D,,,,,True
2Z5Y,,,,,False
31LC,,,,,False
3A6Q,,,,,False
3A6R,,,,,False
3AB1,,,,,False
3ABV,,,,,False
3AD7,,,,,False
3ADA,,,,,False
3AE3,,,,,False
3AE4,,,,,False
3AE5,,,,,False
3AE9,,,,,False
3AEA,,,,,False
3AEC,,,,,False
3AED,,,,,False
3AEB,,,,,False
3AE8,,,,,False
3AE7,,,,,False
3AE6,,,,,False
3AE2,,,,,False
3AE1,,,,,False
3AD9,,,,,True
3AD8,,,,,False
3A3B,,,,,False
3A20,,,,,False
31CK,,,,,True
3AEE,,,,,False
3AEF,,,,,False
3AH5,,,,,False
3AHQ,,,,,False
3AHR,,,,,False
3ALJ,,,,,True
3ALL,,,,,False
3ALM,,,,,False
3AM9,,,,,False
3APT,,,,,False
3APY,,,,,False
3ATQ,,,,,True
3ATR,,,,,True
3ATZ,,,,,False
3AWI,,,,,False
3AX7,,,,,False
3AYI,,,,,False
3AXB,,,,,False
3AX9,,,,,False
3AWH,,,,,False
3ATY,,,,,False
3AN1,,,,,False
3AMZ,,,,,False
3AMF,,,,,False
3AEG,,,,,False
3AYJ,,,,,False
3B05,,,,,True
3B06,,,,,True
3B0U,,,,,False
3B0V,,,,,False
3B3R,,,,,False
3B6I,,,,,False
3B6K,,,,,False
3B9O,,,,,False
3BDJ,,,,,False
3BG6,,,,,False
3BG7,,,,,False
3BHF,,,,,False
3BI2,,,,,False
3BI4,,,,,False
3BI5,,,,,False
3BHK,,,,,False
3BEM,,,,,False
3B9J,,,,,False
3B96,,,,,False
3B6M,,,,,False
3B6J,,,,,False
3B6D,,,,,False
3B0P,,,,,False
3AYL,,,,,False
3BLY,,,,,False
3BM1,,,,,False
3BNM,,,,,False
3BNU,,,,,False
3BW2,,,,,False
3CB0,,,,,False
3CGB,,,,,False
3CGC,,,,,False
3CGE,,,,,False
3CIR,,,,,False
3CN8,,,,,False
3CLU,,,,,False
3CLT,,,,,False
3CLS,,,,,False
3CLR,,,,,False
3CGD,,,,,False
3C96,,,,,False
3C61,,,,,False
3C4A,,,,,False
3C3N,,,,,False
3C0P,,,,,False
3BW7,,,,,False
3BW4,,,,,False
3BW3,,,,,False
3BNK,,,,,False
3CNS,,,,,False
3CP8,,,,,False
3CRZ,,,,,False
3CVV,,,,,False
3D2D,,,,,False
3D8X,,,,,False
3D9E,,,,,False
3D9F,,,,,False
3D9D,,,,,False
3D72,,,,,False
3D2J,,,,,False
3D2H,,,,,False
3D1C,,,,,False
3CVY,,,,,False
3CVX,,,,,False
3CVW,,,,,False
3CVU,,,,,False
3CUK,,,,,False
3CTY,,,,,False
3COX,,,,,False
3CNT,,,,,False
3CNP,,,,,False
3CNJ,,,,,False
3CNE,,,,,False
3CND,,,,,False
3D9G,,,,,False
3DA1,,,,,False
3DGH,,,,,False
3DH7,,,,,False
3DJG,,,,,False
3DJL,,,,,False
3DK4,,,,,False
3DK8,,,,,False
3DK9,,,,,False
3DME,,,,,False
3E10,,,,,False
3E39,,,,,False
3E4V,,,,,False
3EAN,,,,,True
3EAO,,,,,True
3E2S,,,,,True
3E2R,,,,,False
3E2Q,,,,,True
3E1T,,,,,False
3DQ0,,,,,False
3DJJ,,,,,False
3DJE,,,,,False
3DJD,,,,,False
3DH9,,,,,False
3DGZ,,,,,False
3EDO,,,,,False
3EK3,,,,,False
3EO7,,,,,False
3EO8,,,,,False
3EPT,,,,,True
3ESX,,,,,False
3ESY,,,,,False
3ESZ,,,,,False
3ETR,,,,,False
3EUB,,,,,False
3EWK,,,,,False
3EY9,,,,,False
3EYA,,,,,False
3F03,,,,,False
3F1Q,,,,,False
3F2V,,,,,False
3F2X,,,,,False
3F2W,,,,,False
3F2T,,,,,False
3F2Q,,,,,False
3EYW,,,,,False
3ES9,,,,,False
3EOF,,,,,False
3EF6,,,,,False
3EC6,,,,,False
3F2Y,,,,,False
3F30,,,,,False
3F4E,,,,,False
3F6S,oxidized,,,,True
3F8D,,,,,False
3F90,semiquinone,,,,True
3FBS,,,,,False
3FCJ,,,,,False
3FDY,,,,,False
3FG2,,,,,False
3FGC,,,,,False
3FIM,,,,,False
3FJ6,,,,,False
3FJL,,,,,False
3FJO,,,,,False
3FMW,,,,,False
3FNN,,,,,False
3FPK,,,,,False
3FST,,,,,False
3FW1,,,,,False
3FW7,,,,,False
3FW8,,,,,False
3FW9,,,,,False
3FSU,,,,,False
3F6R,oxidized,,,,True
3G0U,,,,,False
3G0X,,,,,False
3GF4,,,,,False
3GE6,,,,,False
3GE5,,,,,False
3GDP,,,,,False
3GDN,,,,,False
3GD4,,,,,True
3GD3,,,,,False
3GBH,,,,,False
3GB5,,,,,False
3GAM,,,,,False
3GAG,,,,,False
3G6K,,,,,False
3G5S,,,,,False
3G5R,,,,,False
3G5Q,,,,,False
3G5M,,,,,False
3G5A,,,,,False
3G4C,,,,,False
3G4A,,,,,False
3G3E,,,,,False
3FY4,,,,,False
3FX2,,,,,False
3FWA,,,,,False
3GFD,,,,,False
3GFQ,,,,,False
3GFZ,,,,,False
3GH8,,,,,False
3GR7,,,,,False
3GRS,,,,,False
3GRT,,,,,True
3GWC,,,,,False
3GWD,,,,,False
3GWF,,,,,False
3GSY,,,,,False
3GSI,,,,,False
3GR8,,,,,False
3GR3,,,,,False
3GMC,,,,,False
3GMB,,,,,False
3GKA,,,,,False
3GIY,,,,,False
3GG1,,,,,False
3GG0,,,,,False
3GFY,,,,,False
3GFX,,,,,False
3GFS,,,,,False
3GFR,,,,,False
3GFA,,,,,False
3GWL,,,,,False
3GWN,,,,,False
3GYE,,,,,False
3GYI,,,,,False
3GYJ,,,,,False
3GYX,,,,,False
3GZ3,,,,,False
3H4O,,,,,False
3H8I,,,,,False
3H8L,,,,,False
3HDQ,,,,,True
3HDY,reduced,,,,True
3HE3,,,,,False
3HGJ,,,,,False
3HGO,,,,,False
3HGR,,,,,False
3HGS,,,,,False
3HJ9,,,,,False
3HMJ,,,,,False
3HJK,,,,,False
3HJI,,,,,False
3HF3,,,,,False
3HAZ,,,,,False
3H4K,,,,,False
3GX9,,,,,False
3HR4,,,,,False
3HSU,,,,,False
3HYV,,,,,False
3HYW,,,,,False
3HYX,,,,,False
3HZG,,,,,False
3HZL,,,,,False
3I65,,,,,False
3I68,,,,,False
3I99,,,,,False
3I9V,,,,,True
3IAM,,,,,True
3IAS,,,,,True
3IC9,,,,,False
3ICS,,,,,True
3ICT,,,,,True
3IF9,,,,,False
3ICR,,,,,True
3I6R,,,,,False
3I6D,,,,,False
3I3L,,,,,False
3HY8,,,,,False
3HRD,,,,,False
3HOI,,,,,False
3HMZ,,,,,False
3IHG,,,,,False
3II4,,,,,False
3IN6,,,,,False
3ITG,,,,,True
3JQP,,,,,False
3K4B,,,,,False
3K4L,,,,,False
3K4M,,,,,False
3K4N,,,,,False
3K7M,,,,,False
3K7Q,,,,,False
3K6H,,,,,False
3K4K,,,,,False
3K4J,,,,,False
3K4C,,,,,False
3K30,,,,,False
3JSX,,,,,False
3JS8,,,,,False
3JQR,,,,,False
3JQQ,,,,,False
3ITJ,,,,,False
3ISH,,,,,False
3IS2,,,,,False
3INT,,,,,True
3INR,,,,,True
3KA7,,,,,False
3KAP,,,,,True
3KAQ,,,,,False
3KEG,,,,,False
3KLB,,,,,False
3KOQ,,,,,False
3KVL,,,,,False
3KVM,,,,,False
3KYB,,,,,False
3KWK,,,,,False
3KVK,,,,,False
3KVJ,,,,,False
3KVE,,,,,False
3KU9,,,,,False
3KRZ,,,,,False
3KRU,,,,,False
3KPK,,,,,False
3KPF,,,,,False
3KLJ,,,,,False
3KKJ,,,,,False
3KJM,,,,,False
3KFT,,,,,False
3K88,,,,,False
3K87,,,,,False
3K7T,,,,,False
3L1R,,,,,False
3L5L,,,,,True
3L66,,,,,False
3L67,,,,,False
3L68,,,,,False
3L9W,,,,,False
3L9X,,,,,False
3LAD,,,,,False
3LCM,,,,,False
3LJP,,,,,True
3LLI,,,,,False
3LLK,,,,,False
3LSH,,,,,False
3LSI,,,,,False
3LSK,,,,,False
3LT5,,,,,False
3LZW,,,,,False
3LZX,,,,,False
3LXD,,,,,False
3LVB,,,,,False
3LOV,,,,,False
3LO8,,,,,True
3LB8,,,,,False
3L65,,,,,False
3L5M,,,,,False
3M0O,,,,,False
3M12,,,,,False
3M13,,,,,False
3M31,,,,,False
3M5K,,,,,False
3M9S,,,,,False
3MBG,,,,,False
3MDD,,,,,False
3MDE,,,,,False
3MHP,,,,,False
3MHU,,,,,False
3MJ4,,,,,False
3MJY,,,,,False
3MKH,,,,,False
3MPJ,,,,,False
3N19,,,,,True
3N2S,,,,,False
3N39,,,,,False
3N3A,,,,,True
3N3B,,,,,True
3N14,,,,,False
3N0C,,,,,False
3N0B,,,,,False
3MZI,,,,,False
3MPI,,,,,False
3N3Y,,,,,False
3NF4,,,,,False
3NFR,,,,,False
3NG7,,,,,True
3NGC,,,,,False
3NH3,,,,,False
3NHF,,,,,False
3NHJ,,,,,False
3NHK,,,,,False
3NHL,,,,,False
3NHO,,,,,False
3NHP,,,,,False
3NHR,,,,,False
3NHS,,,,,False
3NHU,,,,,False
3NHY,,,,,False
3NIX,,,,,False
3NK1,,,,,False
3NK2,,,,,False
3NKS,,,,,False
3NLC,,,,,False
3NLL,,,,,True
3NN0,,,,,False
3NK0,,,,,False
3NHW,,,,,False
3NRZ,,,,,False
3NS1,,,,,False
3NT6,,,,,False
3NTA,,,,,False
3NTD,,,,,False
3NVJ,,,,,False
3NVW,,,,,False
3NVY,,,,,False
3NVZ,,,,,False
3NYC,,,,,False
3NYE,,,,,False
3O2N,,,,,False
3O55,,,,,False
3O73,,,,,False
3O8A,,,,,False
3OC4,,,,,False
3OF4,,,,,False
3OJW,,,,,False
3OJX,,,,,False
3OIX,,,,,False
3OIB,,,,,True
3O0H,,,,,False
3NYF,,,,,False
3NVV,,,,,False
3NNE,,,,,False
3OVM,,,,,False
3OWA,,,,,False
3OWH,,,,,False
3OWX,,,,,False
3OX1,,,,,False
3OX2,,,,,False
3OX3,,,,,False
3OZ2,,,,,False
3OZV,,,,,False
3OZW,,,,,False
3P0K,,,,,False
3P4P,,,,,False
3P4Q,,,,,False
3P4R,,,,,False
3P4S,,,,,False
3P67,,,,,False
3P74,,,,,False
3P7N,,,,,False
3P81,,,,,False
3P82,,,,,False
3P84,,,,,False
3P80,,,,,False
3P7Y,,,,,False
3P62,,,,,False
3OZU,,,,,False
3P8I,,,,,False
3P8J,,,,,False
3P9U,,,,,False
3PFD,reduced,,,,True
3PL8,,,,,False
3PM9,,,,,False
3PND,,,,,False
3PO7,,,,,False
3PS9,,,,,False
3PVC,,,,,False
3Q6J,,,,,False
3QCP,,,,,False
3QDL,,,,,False
3QE2,,,,,False
3QFA,,,,,False
3QFB,,,,,False
3QFR,,,,,False
3QFT,,,,,False
3QFS,,,,,False
3QFC,,,,,False
3QD9,,,,,False
3PXV,,,,,False
3PQB,,,,,False
3POP,,,,,False
3PFT,,,,,False
3QJG,,,,,False
3R6W,,,,,False
3R9U,,,,,False
3RED,,,,,False
3S1C,,,,,False
3RPE,,,,,False
3RP8,,,,,False
3RP7,,,,,False
3RP6,,,,,False
3RNM,,,,,False
3RND,,,,,False
3RJA,,,,,False
3RJ8,,,,,False
3RHA,,,,,True
3RH8,,,,,False
3RH7,,,,,False
3R7K,,,,,True
3R7C,,,,,False
3QZY,,,,,False
3QVR,,,,,False
3QVP,,,,,False
3QSS,,,,,False
3QSM,,,,,False
3QSE,,,,,True
3QJ4,,,,,False
3S1D,,,,,False
3S1E,,,,,False
3S1F,,,,,False
3S2Y,,,,,False
3S61,reduced,,,,True
3SFE,,,,,False
3SFK,,,,,False
3SGZ,,,,,False
3SQP,,,,,False
3SR6,,,,,True
3SVL,,,,,False
3SWO,,,,,True
3SX6,,,,,False
3SXI,,,,,False
3SYI,,,,,False
3SZ0,,,,,False
3SZC,,,,,False
3SZF,,,,,False
3SZW,,,,,False
3SY4,,,,,False
3SW1,,,,,False
3SGL,,,,,False
3SFD,,,,,False
3SF6,,,,,True
3S5W,,,,,False
3T0K,,,,,False
3T14,,,,,False
3T2K,,,,,False
3T2Y,,,,,False
3T2Z,,,,,False
3T31,,,,,False
3T50,,,,,False
3T59,,,,,False
3TD7,,,,,False
3TE7,,,,,False
3TJL,,,,,False
3TJX,,,,,False
3TNZ,,,,,False
3TO0,,,,,False
3TQ0,,,,,False
3TRO,,,,,False
3TSH,,,,,True
3TSJ,,,,,True
3TX1,,,,,False
3TXZ,,,,,False
3TX9,,,,,False
3TK0,,,,,False
3TEM,,,,,False
3T58,,,,,False
3T37,,,,,False
3TZB,,,,,False
3U2L,,,,,False
3U2M,,,,,False
3U2O,,,,,False
3U33,,,,,False
3U5S,,,,,False
3U7R,,,,,True
3UCL,,,,,False
3UKA,,,,,False
3UKF,,,,,True
3UKH,,,,,True
3UKK,,,,,True
3UMV,,,,,False
3UNA,,,,,False
3UNI,,,,,False
3UOV,,,,,False
3UOY,,,,,False
3UOZ,,,,,False
3UOX,,,,,False
3UNC,,,,,False
3ULF,,,,,False
3UKQ,,,,,False
3UKP,,,,,False
3UKL,,,,,False
3UE6,,,,,False
3UP5,,,,,False
3UTE,,,,,False
3V3N,,,,,False
3V3O,,,,,False
3VO2,,,,,False
3VR8,,,,,False
3VRA,,,,,False
3VY2,,,,,False
3VTE,,,,,False
3VRD,,,,,False
3VRB,,,,,False
3VR9,,,,,False
3VQR,,,,,False
3VO1,,,,,False
3VKJ,,,,,True
3V76,,,,,True
3UXH,,,,,False
3UXE,,,,,False
3UTH,,,,,True
3UTG,,,,,True
3UTF,,,,,True
3UST,,,,,False
3URH,,,,,False
3UPW,,,,,False
3UP4,,,,,False
3VYA,,,,,False
3W1A,,,,,False
3W1Q,,,,,False
3W1R,,,,,False
3W1T,,,,,False
3W23,,,,,False
3W2K,,,,,False
3W2M,,,,,False
3W2U,,,,,False
3W2N,,,,,False
3W2L,,,,,False
3W2J,,,,,False
3W2I,,,,,True
3W2H,,,,,False
3W2G,,,,,True
3W2F,,,,,False
3W2E,,,,,False
3W22,,,,,False
3W1X,,,,,False
3W1U,,,,,False
3W1P,,,,,False
3W1N,,,,,False
3W1M,,,,,False
3W1L,,,,,False
3VY5,,,,,False
3W3O,,,,,False
3W5H,,,,,False
3W73,,,,,False
3W78,,,,,False
3W79,,,,,False
3W7A,,,,,False
3W7E,,,,,False
3W7H,,,,,False
3W7G,,,,,False
3W7D,,,,,False
3W7C,,,,,False
3W77,,,,,False
3W76,,,,,False
3W75,,,,,False
3W74,,,,,False
3W72,,,,,False
3W71,,,,,False
3W70,,,,,False
3W6Y,,,,,False
3W5V,,,,,False
3W5U,,,,,False
3W4Y,,,,,False
3W4K,,,,,False
3W4J,,,,,False
3W4I,,,,,False
3W7N,,,,,False
3W83,,,,,False
3WE0,,,,,False
3WKT,,,,,False
3X0V,,,,,False
3WIS,,,,,False
3WGT,,,,,False
3W9Z,,,,,False
3W8Z,,,,,False
3W8X,,,,,False
3W8W,,,,,False
3W88,,,,,False
3W87,,,,,False
3W86,,,,,False
3W85,,,,,False
3W84,,,,,False
3W7R,,,,,False
3W7Q,,,,,False
3W7P,,,,,False
3W7O,,,,,False
3W7M,,,,,False
3W7L,,,,,False
3W7K,,,,,False
3W7J,,,,,False
3W7I,,,,,False
3ZMS,,,,,False
3ZMT,,,,,False
3ZOD,,,,,False
3ZOG,,,,,False
3ZOF,,,,,False
3ZOE,,,,,False
3ZOC,,,,,False
3ZNQ,,,,,False
3ZNP,,,,,False
3ZNO,,,,,False
3ZNN,,,,,False
3ZN1,,,,,False
3ZN0,,,,,False
3ZMZ,,,,,False
3ZMV,,,,,False
3ZMU,,,,,False
3ZHO,,,,,False
3ZFS,,,,,False
3ZDN,,,,,False
3ZC3,,,,,False
3ZBU,,,,,False
3ZBT,,,,,False
3X22,,,,,False
3X21,,,,,False
3X0Y,,,,,False
3ZWS,,,,,False
4A3U,,,,,False
4A5L,,,,,False
4A65,,,,,False
4A6N,,,,,False
4A79,,,,,False
4A99,,,,,False
4A9W,,,,,False
4AB4,,,,,False
4AF6,,,,,False
4AF7,,,,,False
4AOS,,,,,True
4APN,,,,,False
4AP3,,,,,True
4AP1,,,,,True
4AOX,,,,,True
4AEO,,,,,False
4ADW,,,,,False
4A7A,,,,,False
3ZYX,,,,,False
3ZYV,,,,,False
3ZXS,,,,,False
3ZWT,,,,,False
3ZQU,,,,,True
3ZOH,,,,,False
4AT2,,,,,False
4B4D,,,,,False
4B63,,,,,False
4B64,,,,,False
4B65,,,,,True
4B67,,,,,True
4B69,,,,,False
4BAY,,,,,False
4BBY,,,,,False
4BC7,,,,,False
4BC9,,,,,False
4BCA,,,,,False
4BF9,,,,,False
4BFA,,,,,False
4BJZ,,,,,False
4BJY,,,,,False
4B68,,,,,True
4B66,,,,,True
4B5N,,,,,True
4B1B,,,,,True
4AWU,,,,,True
4AWT,,,,,True
4AWS,,,,,True
4AUT,,,,,False
4AT0,,,,,False
4BK3,,,,,False
4BPR,,,,,False
4BUR,,,,,True
4BV6,,,,,False
4C43,,,,,False
4C5O,,,,,False
4C74,,,,,True
4C77,,,,,True
4CBQ,,,,,False
4CCQ,,,,,False
4CCR,,,,,False
4CDM,,,,,False
4C3Y,,,,,False
4C3X,,,,,False
4C0X,,,,,False
4C0W,,,,,False
4BNB,,,,,False
4BN9,,,,,False
4BN8,,,,,False
4BN7,,,,,False
4BN6,,,,,False
4BMP,,,,,False
4BMO,,,,,False
4BK2,,,,,False
4BK1,,,,,False
4CDN,,,,,False
4CET,,,,,False
4CF6,,,,,False
4CI0,,,,,False
4CNJ,,,,,False
4CQ8,,,,,False
4CQ9,,,,,False
4CRT,,,,,False
4CW5,,,,,False
4CY8,,,,,True
4D03,,,,,True
4D7E,,,,,False
4DJA,,,,,False
4DN2,,,,,False
4DNS,,,,,False
4DQK,,,,,False
4DNA,,,,,False
4DF2,,,,,False
4D5G,,,,,False
4D5E,,,,,False
4D04,,,,,True
4D02,,,,,False
4CZZ,,,,,False
4CQA,,,,,False
4CNK,,,,,False
4DQL,,,,,False
4DSG,,,,,True
4DSH,,,,,True
4E0H,,,,,False
4E0V,,,,,False
4E2D,,,,,False
4EES,,,,,False
4EET,,,,,False
4EF8,,,,,False
4EF9,,,,,False
4EIP,,,,,False
4EMJ,,,,,False
4EMW,,,,,False
4EMI,,,,,True
4EM4,,,,,False
4EM3,,,,,False
4EH1,,,,,False
4EEU,,,,,False
4EER,,,,,False
4EEP,,,,,False
4ECH,,,,,False
4EC3,,,,,False
4E2B,,,,,False
4E0I,,,,,False
4DY4,,,,,False
4EO3,,,,,False
4EQR,,,,,False
4EQW,,,,,False
4EQX,,,,,False
4ESE,,,,,False
4F4Q,,,,,False
4FDO,,,,,False
4FDP,,,,,False
4FEE,,,,,False
4FEG,,,,,False
4FEH,,,,,False
4FGJ,,,,,True
4FGK,,,,,True
4FK1,,,,,False
4FK8,,,,,False
4FWF,,,,,False
4FWJ,,,,,False
4FWE,,,,,False
4FGL,,,,,True
4FF6,,,,,False
4FDN,,,,,False
4FDC,,,,,False
4F8Y,,,,,False
4F07,,,,,False
4EQS,,,,,False
4G6G,,,,,False
4G6H,,,,,False
4G73,,,,,False
4G74,,,,,False
4GCZ,,,,,False
4GDE,,,,,True
4GRT,,,,,False
4GR9,,,,,False
4GR1,,,,,False
4GQI,,,,,False
4GI5,,,,,False
4GF7,,,,,False
4GE8,,,,,False
4GDP,,,,,False
4GCM,,,,,False
4GBU,,,,,False
4GAV,,,,,False
4GAP,,,,,False
4G9K,,,,,False
4G8S,,,,,False
4G1V,,,,,False
4G1B,,,,,False
4FZB,,,,,False
4FX9,,,,,False
4FX2,,,,,False
4GTC,,,,,False
4GTE,,,,,False
4GTF,,,,,False
4GTL,,,,,False
4GU0,,,,,False
4GU5,,,,,False
4GUT,,,,,False
4GUV,,,,,False
4GWE,,,,,False
4GXM,,,,,False
4H2D,,,,,False
4H2N,,,,,False
4H2P,,,,,False
4H4I,,,,,False
4H4Q,,,,,True
4H4P,,,,,True
4H2R,,,,,False
4H2Q,,,,,False
4GUS,,,,,False
4GUR,,,,,False
4GU1,,,,,False
4GTD,,,,,False
4GTB,,,,,False
4GTA,,,,,False
4GT9,,,,,False
4H4X,,,,,True
4HH1,,,,,False
4HHD,,,,,False
4HJ6,,,,,False
4HJ4,,,,,False
4HJ3,,,,,False
4HIA,,,,,False
4HH0,,,,,False
4HEQ,,,,,False
4HEA,,,,,False
4HB9,,,,,False
4HA6,,,,,False
4H6R,,,,,True
4H6Q,,,,,True
4H6P,,,,,False
4H6K,,,,,False
4H50,,,,,True
4H4Z,,,,,True
4H4Y,,,,,True
4H4W,,,,,True
4H4V,,,,,True
4H4U,,,,,True
4H4T,,,,,True
4H4S,,,,,True
4H4R,,,,,True
4HSU,,,,,False
4ICI,,,,,False
4IGH,,,,,False
4J2W,,,,,False
4IVO,,,,,False
4IVM,,,,,False
4IV9,,,,,False
4IV6,,,,,True
4IRN,,,,,False
4IRA,,,,,False
4IQL,,,,,False
4IFX,,,,,False
4ICY,,,,,False
4I6G,,,,,False
4I59,,,,,False
4I58,,,,,False
4HS4,,,,,False
4HR3,,,,,False
4HNB,,,,,True
4HMX,,,,,False
4HMW,,,,,False
4HMV,,,,,False
4HMU,,,,,False
4HMT,,,,,False
4HMS,,,,,False
4J34,,,,,False
4J36,,,,,False
4J56,,,,,False
4J57,,,,,False
4J8P,,,,,False
4JAY,,,,,False
4JB1,,,,,False
4JD4,,,,,False
4JDB,,,,,False
4JGD,,,,,False
4JIC,,,,,False
4JN9,,,,,False
4JNA,,,,,False
4JNQ,,,,,True
4JNY,,,,,False
4JNZ,,,,,False
4JS3,,,,,False
4JTS,,,,,False
4JTT,,,,,False
4JQ9,,,,,False
4JIQ,,,,,False
4JIP,,,,,False
4JDR,,,,,False
4J33,,,,,False
4J31,,,,,False
4JTU,,,,,False
4JY2,,,,,False
4JZY,,,,,False
4K03,,,,,False
4K5S,,,,,False
4K7V,,,,,False
4K7Y,,,,,False
4K7Z,reduced,,,,False
4K8D,reduced,,,,False
4K8E,,,,,False
4K8H,,,,,False
4KAS,,,,,False
4KAT,,,,,True
4KGD,,,,,False
4KTO,,,,,False
4KUM,,,,,False
4KW5,,,,,False
4KPU,,,,,False
4KPR,,,,,False
4KCF,,,,,False
4KAR,,,,,False
4K5R,,,,,False
4K2X,,,,,False
4K1X,,,,,False
4JY3,,,,,False
4L1F,,,,,False
4L2I,,,,,False
4L82,,,,,False
4LAF,,,,,False
4LDK,,,,,False
4LTM,,,,,False
4M0C,,,,,False
4M52,,,,,False
4M5P,,,,,False
4ML8,,,,,False
4MLA,,,,,False
4MOE,,,,,True
4MO2,,,,,True
4MJW,,,,,False
4MIH,,,,,False
4MIG,,,,,True
4MIF,,,,,True
4M9A,,,,,True
4LTN,,,,,False
4LS2,,,,,False
4LS1,,,,,False
4LS0,,,,,False
4LII,,,,,False
4LA1,,,,,False
4KX6,,,,,False
4N65,,,,,False
4N82,,,,,False
4N9Q,,,,,False
4NMB,,,,,False
4NMA,,,,,False
4NM9,,,,,False
4NLL,,,,,True
4NEW,,,,,False
4NEV,,,,,False
4NCR,,,,,False
4N5F,,,,,True
4N02,,,,,True
4MOS,,,,,True
4MOR,,,,,True
4MOQ,,,,,True
4MOP,,,,,True
4MOO,,,,,True
4MOM,,,,,True
4MOL,,,,,False
4MOK,,,,,False
4MOJ,,,,,True
4MOI,,,,,True
4MOH,,,,,True
4MOG,,,,,True
4MOF,,,,,True
4NMC,,,,,True
4NTC,,,,,False
4NTD,,,,,False
4NTE,,,,,False
4NXB,,,,,False
4NXF,,,,,False
4NXG,,,,,False
4O5Q,,,,,False
4O5U,,,,,False
4OCG,,,,,False
4OMF,,,,,False
4OPC,,,,,True
4OPD,,,,,True
4OPG,,,,,True
4OPI,,,,,True
4OPT,,,,,True
4OPL,,,,,True
4OAL,,,,,False
4O95,,,,,False
4O8A,,,,,False
4NZH,,,,,False
4NXE,,,,,False
4NWZ,,,,,False
4NUL,,,,,True
4NMD,,,,,True
4OPU,,,,,True
4OQV,,,,,False
4ORI,,,,,False
4ORM,,,,,False
4OT7,,,,,False
4OXX,,,,,False
4P13,,,,,False
4P2L,,,,,False
4P5A,,,,,False
4P5B,,,,,False
4P8C,,,,,False
4P8H,,,,,False
4P8L,,,,,False
4P8N,,,,,False
4P8P,,,,,False
4P8T,,,,,False
4P8Y,,,,,False
4P9S,,,,,False
4PAA,,,,,False
4PAB,,,,,False
4PFA,,,,,False
4PFD,,,,,False
4P8M,,,,,False
4P8K,,,,,False
4OVI,,,,,True
4PTZ,,,,,False
4PU0,,,,,False
4PVE,,,,,False
4PVK,,,,,False
4PWC,,,,,False
4PYT,,,,,False
4Q73,,,,,False
4QAI,,,,,False
4QFC,,,,,False
4QFD,,,,,False
4QI5,,,,,False
4QI6,,,,,False
4QIS,,,,,False
4QLX,,,,,False
4QIU,,,,,False
4QIT,,,,,False
4QI7,,,,,False
4QI4,,,,,False
4Q72,,,,,False
4Q71,,,,,False
4Q4K,,,,,False
4PZF,,,,,False
4PWB,,,,,False
4PVJ,,,,,False
4PVH,,,,,False
4QLY,,,,,False
4QNW,,,,,False
4QOE,,,,,False
4QOF,,,,,False
4QOG,,,,,False
4QOH,,,,,False
4QOI,,,,,False
4QOJ,,,,,False
4R82,,,,,False
4REK,,,,,False
4RHE,,,,,False
4RJE,,,,,True
4RK8,,,,,False
4RKA,,,,,False
4RLI,,,,,False
4RNV,,,,,False
4RNW,,,,,False
4RNX,,,,,False
4RPH,,,,,True
4RPG,,,,,False
4RNU,,,,,False
4RG4,,,,,False
4RG3,,,,,False
4REP,,,,,False
4R81,,,,,False
4RPJ,,,,,False
4RPK,,,,,False
4RSL,,,,,False
4RX0,,,,,False
4TM3,,,,,False
4TM4,,,,,True
4TMB,,,,,False
4TMC,,,,,False
4TTB,,,,,False
4TTC,,,,,False
4TXI,,,,,False
4U2S,,,,,True
4U2T,,,,,True
4U7F,reduced,,,,True
4U7G,,,,,True
4U7H,reduced,,,,True
4U8I,,,,,True
4U63,,,,,False
4TXK,,,,,False
4TM1,,,,,True
4TM0,,,,,False
4TLZ,,,,,False
4TLX,,,,,True
4RR4,,,,,False
4RPL,,,,,False
4UP3,,,,,False
4USQ,,,,,False
4UTI,,,,,True
4UTL,,,,,True
4UTK,,,,,True
4UTJ,,,,,True
4UTH,,,,,True
4USR,,,,,False
4UIR,,,,,False
4UHX,,,,,False
4UHW,,,,,False
4UDR,,,,,False
4UDQ,,,,,True
4UDP,,,,,True
4UD8,,,,,False
4UAJ,,,,,False
4U9U,,,,,False
4U9S,,,,,False
4U8P,,,,,True
4U8O,,,,,True
4U8N,,,,,True
4U8M,,,,,True
4U8L,,,,,True
4U8K,,,,,True
4U8J,,,,,True
4UTM,,,,,True
4UWM,,,,,False
4V8L,,,,,False
4WCT,,,,,False
4WQM,,,,,False
4WUJ,,,,,False
4WX1,,,,,True
4X4J,,,,,False
4X9M,,,,,True
4X9N,,,,,True
4XA7,,,,,False
4XDT,,,,,False
4XGK,,,,,True
4XDH,,,,,False
4XDG,,,,,False
4XBF,,,,,False
4X28,,,,,True
4WZH,,,,,False
4WFS,,,,,False
4WF0,,,,,False
4V8W,,,,,False
4V8V,,,,,False
4V59,,,,,False
4V58,,,,,False
4UXN,,,,,False
4XHF,,,,,False
4XJ2,,,,,False
4XLO,,,,,False
4XOO,,,,,False
4XP7,,,,,True
4XQ6,,,,,False
4XVG,,,,,False
4XVX,,,,,True
4XWR,,,,,False
4XWZ,,,,,False
4XXG,,,,,False
4Y7C,semiquinone,,,,False
4Y9J,,,,,False
4Y9L,,,,,False
4Y9R,semiquinone,,,,False
4YAF,semiquinone,,,,False
4YAL,semiquinone,,,,True
4YAO,semiquinone,,,,True
4YAU,semiquinone,,,,True
4YBN,,,,,False
4YCP,,,,,False
4YHB,,,,,False
4YCO,,,,,False
4YAW,semiquinone,,,,True
4Y9U,semiquinone,,,,False
4YJD,,,,,False
4YJG,,,,,False
4YJH,,,,,False
4YKF,,,,,False
4YLW,,,,,False
4YNC,,,,,False
4YNU,,,,,False
4YQE,,,,,False
4YRW,,,,,False
4YSW,,,,,False
4YSX,,,,,False
4YSY,,,,,False
4YSZ,,,,,False
4YT0,,,,,False
4YTN,,,,,False
4YTP,,,,,False
4YTM,,,,,False
4YSH,,,,,False
4YRY,,,,,True
4YNT,,,,,True
4YLF,,,,,True
4YL2,,,,,False
4YKG,,,,,False
4YJF,,,,,False
4YIL,,,,,False
4YTY,,,,,False
4YUT,,,,,False
4YX6,,,,,False
4Z25,,,,,False
4ZCC,,,,,False
4ZMG,,,,,False
4ZL1,,,,,False
4ZCD,,,,,False
4ZAN,,,,,True
4ZAL,,,,,True
4ZAG,,,,,True
4ZAF,,,,,True
4Z9R,,,,,False
4Z44,,,,,False
4Z43,,,,,False
4Z38,,,,,False
4Z2U,,,,,False
4Z2T,,,,,False
4Z2R,,,,,False
4Z26,,,,,False
4Z24,,,,,False
4YXD,,,,,False
4YWO,,,,,False
4YUS,,,,,False
4YTZ,,,,,False
4ZOH,,,,,False
4ZVK,,,,,True
4ZVL,,,,,True
4ZVM,,,,,True
4ZVN,,,,,True
5A4K,,,,,False
5A89,,,,,False
5A8A,,,,,False
5A8B,,,,,False
5AHK,,,,,False
5AHS,,,,,False
5AWV,,,,,False
5BRT,,,,,False
5BUC,,,,,True
5BUL,,,,,False
5BVA,,,,,False
5C2T,,,,,False
5BUK,,,,,False
5BR7,,,,,False
5BOO,,,,,False
5AF7,,,,,False
5AE3,,,,,False
5AE2,,,,,False
5AE1,,,,,False
5ADZ,,,,,False
5CHO,,,,,False
5CHP,,,,,False
5CPL,,,,,True
5CPM,,,,,True
5CPO,,,,,True
5DBJ,,,,,False
5DKK,,,,,False
5DQR,,,,,False
5DXY,,,,,False
5DY2,,,,,False
5E93,,,,,False
5EA2,,,,,False
5EA9,,,,,False
5EAI,,,,,False
5EB4,,,,,False
5DY3,,,,,False
5DXX,,,,,False
5DKL,,,,,False
5DJU,,,,,False
5DJT,,,,,False
5DEL,,,,,False
5D79,,,,,False
5CPN,,,,,True
5CKU,,,,,False
5C3J,,,,,False
5EPG,,,,,False
5EQD,,,,,True
5EQF,,,,,True
5ER9,,,,,True
5F4B,,,,,False
5FEM,,,,,False
5FS6,,,,,False
5FN0,,,,,False
5FMH,,,,,False
5FJN,,,,,False
5FJM,,,,,False
5FI8,,,,,False
5FA6,,,,,False
5F3R,,,,,True
5F12,,,,,False
5EZ7,,,,,False
5EZ3,,,,,False
5EVY,,,,,False
5ER0,,,,,False
5EOW,,,,,False
5EMN,,,,,False
5EFW,,,,,False
5EBU,,,,,False
5EBK,,,,,False
5EB5,,,,,False
5FS7,,,,,False
5FS8,,,,,False
5FS9,,,,,False
5FX2,,,,,False
5FXD,,,,,False
5FXP,,,,,False
5G3S,,,,,True
5G3T,,,,,True
5G3U,,,,,True
5G5G,,,,,False
5G5H,,,,,False
5GLG,,,,,False
5GPN,,,,,False
5GSN,,,,,False
5GUP,,,,,False
5GV7,,,,,False
5GVH,,,,,False
5GXU,,,,,False
5H59,,,,,False
5H2Z,,,,,False
5GV8,,,,,False
5GRT,,,,,False
5FXF,,,,,False
5FXE,,,,,False
5FUQ,,,,,False
5H6Q,,,,,False
5H6R,,,,,False
5H73,,,,,False
5H75,,,,,False
5HDJ,,,,,False
5HEI,,,,,False
5HHZ,,,,,False
5HIN,,,,,False
5HMR,,,,,False
5HQE,,,,,False
5HXI,,,,,False
5HY5,,,,,False
5HYM,,,,,False
5HZH,,,,,False
5HZI,,,,,False
5HZJ,,,,,False
5I1V,,,,,False
5I1W,,,,,False
5I68,,,,,False
5I39,,,,,False
5HZK,,,,,False
5HXW,,,,,False
5HQX,,,,,False
5HHF,,,,,True
5H5J,,,,,False
5IDU,,,,,False
5IMS,,,,,False
5IOQ,,,,,False
5IOT,,,,,False
5IPY,,,,,False
5J5Z,,,,,False
5J60,,,,,False
5J62,,,,,False
5J7X,,,,,False
5J8D,,,,,False
5JCI,,,,,False
5JCK,,,,,False
5JCL,,,,,False
5JCM,,,,,False
5JCN,,,,,False
5JFC,,,,,False
5JCA,,,,,False
5J8G,,,,,False
5J6C,,,,,False
5J4E,,,,,False
5J3W,,,,,False
5IQ4,,,,,False
5IQ1,,,,,False
5IOS,,,,,False
5IOR,,,,,False
5JFE,,,,,False
5JSC,,,,,False
5JWA,,,,,False
5JWB,,,,,False
5JWC,,,,,False
5JZX,,,,,False
5K0A,,,,,False
5K1Q,,,,,True
5K2O,,,,,False
5K3I,,,,,False
5K3J,,,,,False
5K3S,,,,,False
5K6Q,,,,,False
5K6R,,,,,False
5K6T,,,,,False
5K9C,,,,,True
5K9D,,,,,True
5K9B,oxidized,,,,False
5K8E,,,,,False
5K1W,,,,,True
5K1U,,,,,True
5K1M,,,,,True
5K1K,,,,,True
5K0R,,,,,True
5JRI,,,,,False
5KF7,,,,,False
5KMS,,,,,False
5KO7,,,,,False
5KRQ,,,,,False
5KSW,,,,,False
5KVH,,,,,False
5L1N,,,,,False
5L3C,,,,,False
5L3E,,,,,False
5L3F,,,,,False
5L3G,,,,,False
5L46,,,,,False
5L3D,,,,,False
5L3B,,,,,False
5KWF,,,,,False
5KVI,,,,,False
5KRD,,,,,False
5KOX,,,,,False
5KOW,,,,,False
5KO8,,,,,False
5KMR,,,,,False
5KMQ,,,,,False
5KMP,,,,,False
5KF6,,,,,False
5KCM,,,,,False
5LAE,,,,,False
5LBQ,,,,,False
5LBT,,,,,False
5LBU,,,,,False
5LBW,,,,,False
5LC5,,,,,False
5LDW,,,,,False
5LDX,,,,,False
5LFA,,,,,False
5LHI,,,,,False
5LLD,,,,,True
5LJP,,,,,False
5LJI,,,,,False
5LHH,,,,,False
5LHG,,,,,False
5LGZ,,,,,True
5LGX,,,,,True
5LGU,,,,,False
5LGT,,,,,False
5LGN,,,,,False
5LFO,,,,,False
5LBZ,,,,,False
5LBY,,,,,False
5L6G,,,,,False
5L6F,,,,,False
5LNI,,,,,True
5LNJ,,,,,True
5LNK,,,,,False
5LNX,,,,,False
5LQ4,,,,,False
5M0Z,,,,,True
5M10,,,,,True
5M27,,,,,False
5M2A,,,,,False
5M42,,,,,False
5M5J,,,,,False
5MBB,,,,,False
5MBE,,,,,False
5MBJ,,,,,False
5MBX,,,,,True
5MH4,,,,,False
5MIP,,,,,False
5MIQ,,,,,False
5MBH,,,,,False
5MBD,,,,,False
5MBC,,,,,False
5LVW,,,,,False
5LVA,,,,,False
5LSM,,,,,False
5LMC,,,,,True
5MIV,,,,,False
5MOG,,,,,False
5MUT,,,,,False
5MZI,,,,,False
5NA4,,,,,False
5NA1,,,,,False
5N7T,,,,,False
5N6Q,,,,,False
5N6G,,,,,False
5N1T,,,,,False
5N0J,,,,,False
5MZK,,,,,False
5MZC,,,,,False
5MXU,,,,,False
5MXJ,,,,,False
5MVD,,,,,False
5MVC,,,,,False
5MRL,,,,,False
5MR6,,,,,False
5MQ6,,,,,False
5MJK,,,,,False
5MIU,,,,,True
5MIT,,,,,False
5MIS,,,,,False
5MIR,,,,,False
5NBY,,,,,False
5NHG,,,,,False
5NMW,,,,,False
5O31,,,,,False
5OC1,,,,,False
5O8R,,,,,False
5O8P,,,,,False
5O8E,,,,,False
5O8D,,,,,False
5O86,,,,,False
5O0X,,,,,False
5NUX,,,,,False
5NUL,,,,,True
5NMX,,,,,False
5NLL,,,,,True
5NIW,,,,,False
5NIT,,,,,False
5NII,,,,,False
5NCC,,,,,False
5NAK,,,,,False
5NAH,,,,,False
5NAG,,,,,False
5NAE,,,,,False
5NAB,,,,,False
5NA5,,,,,False
5OCS,,,,,False
5ODC,,,,,False
5ODE,,,,,False
5ODH,,,,,False
5ODI,,,,,False
5OEQ,,,,,False
5OGX,,,,,False
5OL2,,,,,False
5OW0,,,,,False
5QIC,,,,,False
5QIF,,,,,False
5QIG,,,,,False
5QIH,,,,,False
5S9S,,,,,False
5S9T,,,,,False
5QIE,,,,,False
5QID,,,,,False
5QIB,,,,,True
5OGT,,,,,False
5OEP,,,,,False
5OEL,,,,,False
5ODR,,,,,False
5ODQ,,,,,False
5OC3,,,,,False
5OC2,,,,,False
5S9U,,,,,False
5S9V,,,,,False
5S9W,,,,,False
5S9X,,,,,False
5S9Y,,,,,False
5S9Z,,,,,False
5SA0,,,,,False
5SA2,,,,,False
5SMJ,,,,,False
5SVG,,,,,False
5SVU,,,,,False
5SVV,,,,,False
5SVW,,,,,False
5TGZ,,,,,False
5THX,,,,,False
5TR3,,,,,False
5TR9,,,,,False
5TS5,,,,,False
5TTJ,,,,,False
5TTK,,,,,False
5TBO,,,,,False
5T1F,,,,,False
5T1E,,,,,False
5SA3,,,,,False
5SA1,,,,,False
5TUE,,,,,False
5TUF,,,,,False
5TUI,,,,,False
5TUK,,,,,False
5TUM,,,,,False
5TWB,,,,,True
5TWC,,,,,True
5U25,,,,,False
5U63,,,,,False
5U8V,,,,,False
5U8W,,,,,False
5UE9,,,,,False
5UFA,,,,,False
5UME,,,,,False
5URD,,,,,True
5URE,,,,,True
5URG,,,,,False
5URH,,,,,False
5URI,,,,,False
5USX,,,,,False
5UTH,,,,,False
5ULL,,,,,True
5UAO,,,,,False
5U8U,,,,,False
5U1O,,,,,False
5UWY,,,,,False
5UX5,,,,,False
5V36,,,,,False
5V4P,,,,,False
5VDN,,,,,False
5VEG,,,,,False
5VJ7,,,,,False
5VN0,,,,,False
5VOH,,,,,False
5VPN,,,,,False
5VW2,,,,,True
5VW3,,,,,False
5VW4,,,,,False
5VW5,,,,,False
5VW7,,,,,True
5VW8,,,,,False
5VWA,,,,,False
5VW9,,,,,False
5VW6,,,,,False
5VT3,,,,,False
5VQB,,,,,False
5V57,,,,,False
5V56,,,,,False
5V4V,,,,,False
5UU6,,,,,False
5VWT,,,,,True
5VWU,,,,,True
5W4Y,,,,,False
5WAN,,,,,False
5WGR,,,,,False
5WGS,,,,,False
5WJ1,,,,,False
5WKC,,,,,False
5WX2,,,,,False
5X4T,,,,,False
5X1Y,,,,,False
5WWV,,,,,False
5WID,,,,,False
5WGZ,,,,,False
5WGY,,,,,False
5WGX,,,,,False
5WGW,,,,,False
5WGV,,,,,False
5WGU,,,,,False
5WGT,,,,,False
5WED,,,,,False
5W4C,,,,,False
5W1L,,,,,False
5W1J,,,,,False
5VWB,,,,,False
5X68,,,,,False
5X6Q,,,,,False
5XAO,,,,,False
5XDB,,,,,False
5XTB,,,,,False
5XTD,,,,,False
5XTH,,,,,False
5XTI,,,,,False
5XTN,,,,,False
5XRA,,,,,False
5XR8,,,,,False
5XMJ,,,,,False
5XKI,,,,,False
5XKD,,,,,False
5XHU,,,,,False
5XGV,,,,,False
5XFV,,,,,False
5XF9,,,,,True
5XDG,,,,,False
5XDE,,,,,False
5XDD,,,,,False
5X6R,,,,,False
5X6P,,,,,False
5X60,,,,,False
5X4U,,,,,False
5XTO,,,,,False
5XTP,,,,,False
5XTQ,,,,,False
5XTR,,,,,False
5Y77,,,,,False
5YB6,,,,,False
5YB7,,,,,False
5YB8,,,,,False
5YGQ,,,,,False
5YJW,,,,,False
5YJX,,,,,False
5YJY,,,,,False
5YOE,,,,,False
5Z2G,,,,,False
5YS9,,,,,False
5YOG,,,,,False
5YOC,,,,,False
5YOB,,,,,False
5YLY,,,,,False
5YJB,,,,,False
5YAK,,,,,False
5Y9D,,,,,False
5Y7A,,,,,False
5Y6Q,,,,,False
5Y66,,,,,False
5ZBD,,,,,False
5ZBM,,,,,False
5ZCW,,,,,False
5ZF4,,,,,False
5ZF8,,,,,False
5ZF9,,,,,False
5ZFA,,,,,False
5ZFB,,,,,False
5ZJ9,,,,,False
5ZJA,,,,,False
5ZKP,,,,,False
5ZM0,,,,,False
5ZW7,,,,,False
5ZW8,,,,,False
5ZYN,,,,,False
5ZZP,,,,,False
5ZZQ,,,,,False
5ZZR,,,,,False
5ZYR,,,,,False
5ZW2,,,,,False
5ZU2,,,,,False
5ZF7,,,,,False
5ZC2,,,,,False
5ZBC,,,,,False
5Z8T,,,,,False
5ZZS,,,,,False
5ZZT,,,,,False
5ZZZ,,,,,False
6A00,,,,,False
6A01,,,,,False
6A08,,,,,False
6A0B,,,,,False
6A0D,,,,,False
6A0G,,,,,False
6A0M,,,,,False
6A0V,,,,,False
6A0Y,,,,,False
6A11,,,,,False
6A13,,,,,False
6A1A,,,,,False
6A1B,,,,,False
6A24,,,,,False
6A37,,,,,False
6A4J,,,,,False
6A2U,,,,,False
6A1N,,,,,False
6A19,,,,,False
6A0O,,,,,False
5ZZY,,,,,False
5ZZX,,,,,False
6A6T,,,,,False
6A6V,,,,,False
6A7X,,,,,False
6AC4,,,,,False
6AGZ,,,,,False
6AJ5,,,,,False
6AJU,,,,,False
6AON,,,,,False
6ASL,,,,,False
6AWA,,,,,False
6B58,,,,,False
6B8S,,,,,False
6BD3,,,,,False
6B4O,,,,,False
6AWF,,,,,False
6AJE,,,,,False
6AIN,,,,,False
6AF6,,,,,False
6ADJ,,,,,False
6AD4,,,,,False
6AC1,,,,,False
6ABU,,,,,False
6A6U,,,,,False
6A6S,,,,,False
6A6R,,,,,False
6BD9,,,,,False
6BFG,,,,,False
6BSN,,,,,True
6BTL,,,,,False
6BU7,,,,,False
6BZA,,,,,False
6BZQ,,,,,False
6BZT,,,,,False
6BZZ,,,,,False
6C12,,,,,False
6C6N,,,,,False
6C6P,,,,,False
6C6R,,,,,False
6C7S,,,,,False
6CJF,,,,,False
6CJG,,,,,False
6CNY,,,,,False
6CMZ,,,,,False
6C80,,,,,False
6C71,,,,,False
6BZ0,,,,,False
6BRD,,,,,False
6BPY,,,,,False
6BKA,,,,,False
6BDO,,,,,False
6CXT,,,,,False
6CZP,,,,,False
6D2E,,,,,True
6D2G,,,,,True
6D9C,,,,,True
6D9D,,,,,True
6DA9,,,,,False
6DD6,,,,,False
6DE6,,,,,False
6DEK,,,,,False
6DEM,,,,,False
6DEO,,,,,False
6DEP,,,,,False
6DEQ,,,,,False
6DGS,,,,,False
6DES,,,,,False
6DER,,,,,False
6DEN,,,,,False
6DEL,,,,,False
6D9E,,,,,True
6D9B,,,,,True
6D9A,,,,,True
6D99,,,,,True
6CY8,,,,,False
6CR0,,,,,False
6DLL,,,,,False
6DQO,,,,,False
6DU7,,,,,False
6DVI,,,,,False
6DWG,,,,,False
6E0B,,,,,False
6EBQ,,,,,True
6EBS,,,,,False
6EFV,,,,,False
6EI9,,,,,False
6EM0,,,,,False
6EO4,,,,,False
6EOA,,,,,False
6ER5,,,,,False
6ERA,,,,,False
6ES9,,,,,False
6ESD,,,,,False
6ET4,,,,,False
6ETB,,,,,False
6ER9,,,,,False
6EO5,,,,,False
6ECI,,,,,False
6E2A,,,,,False
6DXP,,,,,False
6DVH,,,,,False
6EZA,,,,,False
6EZB,,,,,False
6EZC,,,,,False
6F32,,,,,False
6F72,,,,,False
6F74,,,,,False
6FAH,,,,,False
6FHO,,,,,False
6FJH,,,,,False
6FMD,,,,,False
6FMU,,,,,False
6FMZ,,,,,False
6FN2,,,,,False
6FN3,,,,,False
6FOW,,,,,False
6FOX,,,,,False
6FOY,,,,,False
6FOQ,,,,,False
6FNU,,,,,False
6FN0,,,,,False
6FCX,,,,,False
6F97,,,,,False
6F7V,,,,,False
6F7L,,,,,False
6F73,,,,,False
6FOZ,,,,,False
6FP0,,,,,False
6FP3,,,,,False
6FPH,,,,,False
6FRM,,,,,False
6FRN,,,,,False
6FSG,,,,,True
6FT1,,,,,True
6FTC,,,,,False
6FVZ,,,,,False
6FW0,,,,,False
6FW8,,,,,False
6FW9,,,,,False
6FWA,,,,,False
6FWC,,,,,False
6FY9,,,,,False
6FYB,,,,,False
6FYC,,,,,False
6FYA,,,,,False
6FY8,,,,,False
6FY4,,,,,False
6FW7,,,,,False
6FSI,,,,,True
6FP4,,,,,False
6FP1,,,,,False
6FYE,,,,,False
6FYG,,,,,False
6G2J,,,,,False
6G2P,,,,,False
6G72,,,,,False
6GAR,,,,,True
6GAS,,,,,True
6GAY,,,,,False
6GB3,,,,,False
6GBA,,,,,False
6GCS,,,,,False
6GG9,,,,,False
6GI8,,,,,False
6GJC,,,,,False
6GJG,,,,,False
6GIA,,,,,False
6GI9,,,,,False
6GI7,,,,,False
6GG2,,,,,False
6GEH,,,,,False
6GBV,,,,,False
6GAQ,,,,,True
6G83,,,,,False
6FYF,,,,,False
6FYD,,,,,False
6GK0,,,,,False
6GRI,,,,,False
6HF3,,,,,False
6HF0,,,,,False
6HEZ,,,,,False
6HD1,,,,,False
6HCY,,,,,False
6HAF,,,,,False
6H6V,,,,,False
6H3O,,,,,False
6H3G,,,,,False
6H00,,,,,False
6GRH,,,,,False
6GRG,,,,,False
6GQI,,,,,False
6GPV,oxidized,,,,False
6GPU,,,,,False
6GOU,,,,,False
6GOS,,,,,False
6GND,,,,,False
6GNC,,,,,False
6GNB,,,,,False
6GNA,,,,,False
6GMC,,,,,False
6GMB,,,,,False
6HFV,,,,,False
6HFW,,,,,False
6HG8,,,,,False
6HL4,,,,,True
6HLA,,,,,True
6HLI,,,,,True
6HLJ,,,,,True
6HNS,,,,,False
6I0D,,,,,False
6I1P,,,,,False
6I20,,,,,False
6I4B,,,,,False
6I4P,,,,,False
6I4R,,,,,False
6I4S,,,,,False
6I4T,,,,,False
6I4U,,,,,False
6I4Z,,,,,False
6I4Q,,,,,False
6I22,,,,,False
6I21,,,,,False
6HMJ,,,,,False
6HLM,,,,,False
6HL3,,,,,True
6HL2,,,,,True
6I55,,,,,False
6IWE,,,,,False
6J0Z,,,,,False
6J38,,,,,False
6J39,,,,,False
6JBY,,,,,False
6JDK,,,,,False
6JXN,,,,,False
6JXS,,,,,False
6K2L,,,,,False
6JU1,,,,,False
6JQH,,,,,False
6JME,,,,,False
6JMD,,,,,False
6JLS,,,,,False
6JDD,,,,,False
6J7I,,,,,False
6J7A,,,,,False
6J79,,,,,False
6J61,,,,,False
6J3C,,,,,False
6J3B,,,,,False
6IDJ,,,,,False
6ICI,,,,,False
6I7N,,,,,False
6K8I,,,,,False
6K8K,,,,,False
6KBH,,,,,False
6KGN,,,,,False
6KGO,,,,,False
6KGY,,,,,False
6KIF,,,,,False
6KII,,,,,False
6KOD,,,,,False
6KPT,,,,,False
6KRI,,,,,False
6KRT,,,,,False
6KS9,,,,,False
6KSA,,,,,False
6KU6,,,,,False
6KSE,,,,,False
6KSB,,,,,False
6KGR,,,,,False
6KGQ,,,,,False
6KGP,,,,,False
6KGM,,,,,False
6KGL,,,,,False
6KGK,,,,,False
6KBW,,,,,False
6KBP,,,,,False
6L6J,,,,,False
6LI0,,,,,False
6LI1,,,,,False
6LKC,,,,,False
6LKD,,,,,False
6LKE,,,,,False
6LLC,,,,,False
6LP6,,,,,False
6LP8,,,,,False
6LPI,,,,,False
6LPP,,,,,False
6LPQ,,,,,False
6LPX,,,,,False
6LPY,,,,,False
6LQ0,,,,,False
6LQ1,,,,,False
6LQ2,,,,,False
6LQ3,,,,,False
6LPU,,,,,False
6LPT,,,,,False
6LPN,,,,,False
6LP7,,,,,False
6LAA,,,,,False
6L2U,,,,,False
6KYY,,,,,False
6LQ4,,,,,False
6LQ5,,,,,False
6LQ6,,,,,False
6LQ7,,,,,False
6LQ8,,,,,False
6LQC,,,,,False
6LQL,,,,,False
6LQY,,,,,False
6LR8,,,,,False
6LUM,,,,,False
6LZ3,,,,,False
6LZL,,,,,False
6M73,,,,,True
6M74,,,,,True
6M79,,,,,False
6MP5,,,,,False
6MV2,,,,,False
6MVG,,,,,False
6MVF,,,,,False
6MV1,,,,,False
6MO6,,,,,False
6M8V,,,,,False
6M8T,,,,,False
6M2B,,,,,False
6LZ7,,,,,False
6MVH,,,,,False
6MYO,,,,,False
6MYP,,,,,False
6MYQ,,,,,False
6MYR,,,,,False
6MYS,,,,,False
6MYT,,,,,False
6MYU,,,,,False
6N04,,,,,False
6N7F,,,,,False
6NEV,,,,,False
6NJR,,,,,False
6NUL,,,,,True
6NXI,,,,,False
6NXJ,,,,,False
6O08,,,,,False
6O0A,,,,,False
6O9N,,,,,False
6OC0,,,,,False
6NSD,,,,,False
6NQM,,,,,False
6NEU,,,,,False
6NET,,,,,False
6NES,,,,,False
6MYW,,,,,False
6OC1,,,,,False
6OEX,,,,,False
6OHK,,,,,False
6OHL,,,,,False
6OI5,,,,,False
6OIB,,,,,False
6P00,,,,,False
6P2V,,,,,False
6P9D,,,,,True
6PEY,,,,,False
6PFZ,,,,,False
6PH3,,,,,False
6PPS,,,,,False
6PTZ,,,,,False
6PUP,,,,,False
6PVF,,,,,False
6PVG,,,,,False
6PUQ,,,,,False
6PU0,,,,,False
6PH4,,,,,False
6PH2,,,,,False
6OIC,,,,,False
6OI6,,,,,False
6OEZ,,,,,False
6OEY,,,,,False
6Q1L,,,,,True
6Q8O,,,,,False
6Q8W,,,,,False
6Q8X,,,,,False
6Q9C,,,,,False
6QA9,,,,,False
6QBX,,,,,False
6QC2,,,,,False
6QC3,,,,,False
6QC4,,,,,False
6QC5,,,,,False
6QC6,,,,,False
6QC7,,,,,False
6QC8,,,,,False
6Q9K,,,,,True
6Q9J,,,,,True
6Q9G,,,,,True
6Q9D,,,,,False
6Q6Q,,,,,False
6Q1B,,,,,True
6PZ0,,,,,True
6PXS,,,,,False
6PVJ,,,,,False
6PVI,,,,,False
6PVH,,,,,False
6QC9,,,,,False
6QCA,,,,,False
6QCF,,,,,False
6QQH,,,,,False
6QQI,,,,,False
6QQJ,,,,,False
6QQK,,,,,False
6QSA,,,,,False
6QU0,,,,,False
6QYI,,,,,False
6QU7,,,,,False
6QLV,,,,,False
6QLL,,,,,True
6QLI,,,,,True
6QLH,,,,,True
6QLG,,,,,False
6QL9,,,,,False
6QL6,,,,,False
6QL5,,,,,False
6QKX,,,,,False
6QKR,,,,,False
6QKG,,,,,False
6QII,,,,,False
6QGT,,,,,False
6QGR,,,,,False
6R1E,,,,,False
6R1U,,,,,False
6R25,,,,,False
6R9V,,,,,False
6RB5,,,,,False
6RFQ,,,,,False
6RFR,,,,,False
6RFS,,,,,False
6RHF,,,,,False
6RHG,,,,,False
6RHS,,,,,False
6RHT,,,,,False
6RK0,,,,,False
6RKF,,,,,False
6RKP,,,,,False
6RLE,,,,,False
6RR3,,,,,False
6RRA,,,,,False
6RTJ,,,,,False
6RTM,,,,,False
6RTO,,,,,False
6RUZ,,,,,False
6RKB,,,,,False
6R7P,,,,,True
6R2P,,,,,False
6S32,,,,,False
6SF0,,,,,False
6SGL,,,,,False
6SLS,,,,,False
6SGN,,,,,False
6SGM,,,,,False
6SGG,,,,,False
6SEM,,,,,False
6SEK,,,,,False
6SE3,,,,,False
6SDA,,,,,False
6SD8,,,,,False
6SAQ,,,,,False
6S6X,,,,,False
6S6U,,,,,False
6S6T,,,,,False
6S6S,,,,,False
6S46,,,,,False
6S45,,,,,False
6S35,,,,,False
6S31,,,,,False
6S23,,,,,False
6S0G,,,,,False
6RVH,,,,,False
6RVB,,,,,False
6SW2,,,,,False
6TA1,,,,,False
6TEE,,,,,False
6TEF,,,,,False
6TEG,,,,,False
6TEK,,,,,False
6TGA,,,,,False
6TIN,,,,,False
6TIL,,,,,False
6TGV,,,,,False
6TG9,,,,,True
6TE1,,,,,False
6T98,,,,,False
6T97,,,,,False
6T95,,,,,False
6T88,,,,,False
6T87,,,,,False
6T86,,,,,False
6T74,,,,,False
6T73,,,,,False
6T1U,,,,,False
6T1T,,,,,False
6SYP,,,,,False
6SW1,,,,,False
6SLT,,,,,False
6TJR,,,,,False
6TUY,,,,,False
6U0P,,,,,False
6U0S,,,,,False
6U1V,,,,,True
6U5T,,,,,False
6U5U,,,,,False
6U5V,,,,,False
6U5W,,,,,False
6U9D,,,,,False
6U9H,,,,,False
6UFF,,,,,False
6UI5,,,,,False
6UY4,,,,,False
6UZI,,,,,False
6V42,,,,,False
6VAX,,,,,False
6VND,,,,,False
6VTN,,,,,False
6VJR,,,,,False
6V43,,,,,False
6UFP,,,,,True
6TYK,,,,,True
6TUK,,,,,False
6TIO,,,,,False
6VW8,,,,,False
6VYP,,,,,False
6VZ8,,,,,False
6VZ9,,,,,False
6W44,,,,,False
6W45,,,,,False
6W4C,,,,,False
6W4K,,,,,False
6W6Z,,,,,False
6WC6,,,,,False
6WH6,,,,,False
6WLP,,,,,False
6WPU,,,,,False
6WT2,,,,,False
6WTB,,,,,False
6WXR,,,,,False
6WXV,,,,,False
6WU6,,,,,False
6WO1,,,,,False
6WLE,,,,,False
6WKV,,,,,False
6WG9,,,,,False
6W72,,,,,False
6VW7,,,,,False
6VTY,,,,,False
6WY8,,,,,False
6X0H,,,,,True
6X0I,,,,,True
6X0J,,,,,True
6X7U,,,,,False
6X89,,,,,False
6X99,,,,,False
6X9B,,,,,False
6Y11,,,,,False
6Y48,,,,,False
6Y4J,,,,,False
6Y79,,,,,False
6Y0R,,,,,False
6XUV,,,,,False
6XUU,,,,,False
6XUT,,,,,False
6XTF,,,,,False
6XBC,,,,,False
6XBB,,,,,False
6X9D,,,,,False
6X9C,,,,,True
6X9A,,,,,False
6X24,,,,,False
6X0K,,,,,True
6WY9,,,,,True
6Y7R,,,,,False
6Y7U,,,,,False
6YJ4,,,,,False
6YJI,,,,,False
6YLZ,,,,,False
6YMH,,,,,False
6YRX,,,,,False
6YS2,,,,,False
6YWG,,,,,False
6YWH,,,,,False
6YWI,,,,,False
6YWQ,,,,,False
6YWR,,,,,False
6YX4,,,,,False
6YX6,,,,,False
6YXB,,,,,False
6YT2,,,,,False
6YS1,,,,,False
6YRZ,,,,,False
6YRV,,,,,False
6YRU,,,,,False
6YJO,,,,,False
6YAQ,,,,,False
6YAP,,,,,False
6YAO,,,,,False
6YXC,,,,,False
6ZE3,,,,,True
6ZE4,,,,,True
6ZH7,,,,,False
6ZIY,,,,,False
6ZJL,,,,,False
6ZK7,,,,,False
6ZK9,,,,,False
6ZKC,,,,,False
6ZKD,,,,,False
6ZKE,,,,,False
6ZKF,,,,,False
6ZKG,,,,,False
6ZKH,,,,,False
6ZKI,,,,,False
6ZKJ,,,,,False
6ZKK,,,,,False
6ZKL,,,,,False
6ZKM,,,,,False
6ZKN,,,,,False
6ZK8,,,,,False
6ZE7,,,,,True
6ZE6,,,,,True
6ZE5,,,,,True
6ZE2,,,,,True
6ZKP,,,,,False
6ZP3,,,,,False
6ZR2,,,,,False
6ZTQ,,,,,False
7A23,,,,,False
7A24,,,,,False
7AAW,,,,,False
7ABO,,,,,False
7AB7,,,,,False
7AB6,,,,,False
7AA2,,,,,True
7A7B,,,,,False
7A76,,,,,False
7A6P,,,,,False
6ZST,,,,,False
6ZLP,,,,,False
6ZLF,,,,,False
6ZLB,,,,,False
6ZKV,,,,,False
6ZKU,,,,,False
6ZKT,,,,,False
6ZKS,,,,,False
6ZKR,,,,,False
6ZKQ,,,,,False
6ZKO,,,,,False
7ABY,,,,,False
7AK5,,,,,False
7AK6,,,,,False
7AQR,,,,,False
7AR7,,,,,False
7AR8,,,,,False
7ARB,,,,,False
7ARC,,,,,False
7ARD,,,,,False
7AWT,,,,,False
7B0N,,,,,False
7B93,,,,,False
7BKD,,,,,False
7BKC,,,,,False
7BKB,,,,,False
7BC4,,,,,False
7B0Z,,,,,False
7B0V,,,,,False
7B02,,,,,False
7AZT,,,,,False
7AYV,,,,,False
7AWV,,,,,False
7AV4,,,,,False
7APR,,,,,False
7AL4,,,,,False
7BLF,,,,,False
7BN7,,,,,False
7BO0,,,,,False
7BQ6,,,,,False
7BR0,,,,,False
7BTJ,,,,,True
7BUZ,,,,,False
7BVI,,,,,False
7BWP,,,,,False
7BX9,,,,,False
7C3H,,,,,False
7C3I,,,,,False
7C3J,,,,,False
7C3L,,,,,False
7C49,,,,,False
7C4K,,,,,False
7C4L,,,,,False
7C4M,,,,,False
7C4N,,,,,False
7CDD,,,,,False
7CDC,,,,,False
7C4A,,,,,False
7C3A,,,,,False
7BN6,,,,,False
7BKE,,,,,False
7CDE,,,,,False
7CDF,,,,,False
7CDG,,,,,False
7CFU,,,,,False
7CGS,,,,,False
7CP6,,,,,False
7CZA,,,,,False
7D38,,,,,False
7D39,,,,,False
7D3A,,,,,False
7D3B,,,,,False
7D3E,,,,,False
7D3F,,,,,False
7D4D,,,,,False
7D4N,,,,,False
7D4M,,,,,False
7D4K,,,,,False
7D4E,,,,,False
7D4C,,,,,False
7CYX,,,,,False
7CU2,,,,,True
7CU1,,,,,False
7CTQ,,,,,False
7CT4,,,,,False
7CP7,,,,,False
7DDZ,,,,,False
7DGQ,,,,,False
7DGR,,,,,False
7DGS,,,,,False
7DKF,,,,,False
7DP0,,,,,False
7DVE,,,,,False
7E0C,,,,,False
7E0D,,,,,False
7E1R,,,,,False
7E2V,,,,,False
7E1S,,,,,False
7E1Q,,,,,False
7DQX,,,,,False
7DP2,,,,,False
7DP1,,,,,False
7DH0,,,,,False
7DGZ,,,,,False
7D9J,,,,,False
7D9I,,,,,False
7D9H,,,,,False
7D9G,,,,,False
7D9F,,,,,False
7D6X,,,,,False
7D6V,,,,,False
7EG5,,,,,False
7EGV,,,,,False
7EII,,,,,False
7EIJ,,,,,False
7EME,,,,,False
7EPV,,,,,True
7EPW,,,,,True
7ESA,,,,,False
7EXS,,,,,False
7F1Y,,,,,False
7F21,,,,,False
7F22,,,,,False
7F72,,,,,False
7F74,,,,,False
7F76,,,,,False
7F8T,,,,,False
7F20,,,,,False
7EPF,,,,,False
7EPE,,,,,False
7EIH,,,,,False
7EHE,,,,,False
7E8Q,,,,,True
7E8P,,,,,True
7E7H,,,,,False
7E5Z,,,,,False
7FCO,,,,,False
7JH4,,,,,True
7KPQ,,,,,False
7KOE,,,,,False
7KMY,,,,,False
7KM3,,,,,False
7KM2,,,,,False
7KHO,,,,,False
7KHN,,,,,False
7KGZ,,,,,False
7KAZ,,,,,False
7KAW,,,,,False
7K64,,,,,False
7K2U,,,,,False
7K15,,,,,False
7K14,,,,,False
7JZ2,,,,,False
7JYP,,,,,False
7JYB,,,,,False
7JW9,,,,,False
7JVL,,,,,False
7JVK,,,,,False
7JU0,,,,,False
7FGP,,,,,False
7FEV,,,,,False
7KPT,,,,,False
7KQ5,,,,,False
7KYV,,,,,False
7KYY,,,,,False
7KZ4,,,,,False
7KZY,,,,,False
7L00,,,,,False
7L01,,,,,False
7L18,,,,,False
7LDQ,,,,,False
7LJS,,,,,False
7LJT,,,,,False
7LO1,,,,,False
7LRN,,,,,False
7LY4,,,,,False
7LY6,,,,,False
7M2O,,,,,False
7M31,,,,,False
7M32,,,,,True
7MFM,,,,,False
7LY7,,,,,False
7LY5,,,,,False
7LJU,,,,,True
7L0K,,,,,False
7KYK,,,,,False
7MFT,,,,,False
7MGN,,,,,True
7MMP,,,,,False
7MMQ,,,,,True
7MMR,,,,,True
7MMS,reduced;semiquinone,,,,True
7MWT,,,,,False
7MWV,,,,,False
7MY9,,,,,False
7MYB,,,,,False
7MYD,,,,,False
7N2W,,,,,False
7N2X,,,,,False
7NA0,,,,,False
7NB9,,,,,False
7NDW,,,,,True
7NDZ,,,,,True
7NNX,,,,,False
7NP8,,,,,False
7NMP,,,,,False
7NIY,,,,,False
7MX6,,,,,False
7MWU,,,,,False
7MU1,,,,,False
7MGO,,,,,True
7NPA,,,,,False
7NYR,,,,,False
7NYU,,,,,False
7NYV,,,,,False
7NZ1,,,,,False
7OO9,,,,,False
7OPN,,,,,False
7OR2,,,,,False
7ORZ,,,,,False
7OSQ,,,,,False
7P0X,,,,,False
7OUJ,,,,,False
7OUD,,,,,False
7OUC,,,,,False
7ORC,,,,,False
7ON9,,,,,False
7OG2,,,,,False
7OBZ,,,,,False
7OB0,,,,,False
7O71,,,,,False
7O6Y,,,,,False
7O4D,,,,,False
7O0T,,,,,False
7NVP,,,,,False
7NPX,,,,,False
7P18,,,,,False
7P61,,,,,False
7P62,,,,,False
7P63,,,,,False
7P64,,,,,False
7P69,,,,,False
7P7C,,,,,False
7P7E,,,,,False
7P7J,,,,,False
7P7L,,,,,False
7P7M,,,,,False
7P91,,,,,False
7P92,,,,,False
7P98,,,,,False
7P9A,,,,,False
7P9E,,,,,False
7P9X,,,,,False
7PBG,,,,,False
7PBI,,,,,False
7P9D,,,,,False
7P8N,,,,,False
7P7K,,,,,False
7P5H,,,,,False
7P4H,,,,,False
7P4F,,,,,False
7PGX,,,,,False
7PGY,,,,,False
7PGZ,,,,,False
7PH0,,,,,False
7PSA,,,,,False
7PSC,,,,,False
7PTV,,,,,False
7PUA,,,,,True
7PUB,,,,,False
7PX0,,,,,False
7Q0O,,,,,False
7Q4W,,,,,True
7Q5Y,,,,,False
7Q6N,,,,,False
7Q86,,,,,False
7QF3,,,,,False
7QF5,,,,,False
7QFX,,,,,False
7QSD,,,,,False
7QH2,,,,,False
7QFD,,,,,False
7QF8,,,,,False
7Q4V,,,,,False
7PVJ,,,,,False
7PUT,,,,,False
7QSK,,,,,False
7QSL,,,,,False
7QSM,,,,,False
7QSN,,,,,False
7QSO,,,,,False
7QTY,,,,,False
7QU0,,,,,False
7QU5,,,,,False
7QUT,,,,,False
7QVA,,,,,False
7R1H,,,,,True
7R1J,,,,,True
7R2O,,,,,True
7R2R,,,,,True
7R2S,,,,,False
7R33,,,,,False
7R34,,,,,False
7R35,,,,,False
7R36,,,,,False
7R41,,,,,False
7R42,,,,,False
7R43,,,,,False
7R2P,,,,,True
7R0F,,,,,True
7QU3,,,,,False
7R44,,,,,False
7R45,,,,,False
7R46,,,,,False
7R47,,,,,False
7R48,,,,,False
7R4C,,,,,False
7R4D,,,,,False
7R4F,,,,,False
7R4G,,,,,False
7RML,,,,,False
7ROM,,,,,False
7RWR,,,,,False
7RZL,,,,,False
7S7G,,,,,False
7S87,,,,,False
7S1A,,,,,False
7S14,,,,,False
7RZP,,,,,False
7RT0,,,,,False
7R5N,,,,,False
7R56,,,,,False
7R4S,,,,,False
7R4P,,,,,False
7R4O,,,,,False
7R4N,,,,,False
7SBH,,,,,False
7SQN,,,,,False
7STQ,,,,,False
7SUX,,,,,False
7SUZ,,,,,False
7SV0,,,,,True
7T2Z,,,,,False
7T30,,,,,False
7T5Y,,,,,False
7T6C,,,,,False
7TAI,,,,,False
7TCD,,,,,False
7TGH,,,,,False
7TH4,,,,,False
7TH5,,,,,False
7TMB,,,,,False
7TMF,,,,,False
7TMG,,,,,False
7THG,,,,,False
7TBQ,,,,,False
7TAL,,,,,False
7T6H,,,,,False
7T5K,,,,,False
7T33,,,,,False
7SZV,,,,,True
7TNB,,,,,False
7TNV,,,,,False
7TUI,,,,,False
7TZZ,,,,,False
7U1D,,,,,False
7U1U,,,,,False
7U6L,,,,,False
7U9S,,,,,False
7U9U,,,,,False
7UD0,,,,,False
7US3,,,,,False
7UT5,,,,,False
7UWT,,,,,False
7V2C,,,,,False
7V2D,,,,,False
7V2E,,,,,False
7V2F,,,,,False
7V2H,,,,,False
7V2K,,,,,False
7V2R,,,,,False
7V30,,,,,False
7V31,,,,,False
7V0B,,,,,False
7U25,,,,,False
7TSW,,,,,False
7V32,,,,,False
7V33,,,,,False
7V3M,,,,,False
7V50,,,,,False
7VB7,,,,,False
7VBN,,,,,False
7VBZ,,,,,False
7VJ7,,,,,True
7VJ6,,,,,True
7VJ5,,,,,True
7VJ4,,,,,True
7VJ3,,,,,True
7VJ2,,,,,True
7VJ1,,,,,True
7VJ0,,,,,True
7VIZ,,,,,True
7VIY,,,,,True
7VIX,,,,,True
7VIW,,,,,True
7V8S,,,,,False
7V8R,,,,,False
7V8O,,,,,False
7V51,,,,,False
7V4X,,,,,False
7V3Z,,,,,False
7VJ8,,,,,True
7VJ9,,,,,True
7VJA,,,,,True
7VJB,,,,,True
7VJC,,,,,True
7VJE,,,,,True
7VJH,,,,,True
7VJJ,,,,,True
7VJK,,,,,True
7VKF,reduced,,,,True
7VQS,,,,,False
7VQT,,,,,False
7VWJ,,,,,False
7VWP,,,,,False
7VXP,,,,,False
7VXU,,,,,False
7VY8,,,,,False
7VYA,,,,,False
7VYF,,,,,False
7VW6,,,,,False
7VQU,,,,,False
7VQK,,,,,False
7VKD,reduced,,,,True
7VJI,,,,,True
7VJG,,,,,True
7W0H,,,,,False
7W1V,,,,,False
7W31,,,,,False
7W2Y,,,,,False
7W2U,,,,,False
7W2R,,,,,False
7W2L,,,,,False
7W2K,,,,,False
7W2J,,,,,False
7W20,,,,,False
7W1Z,,,,,False
7W1U,,,,,False
7W1T,,,,,False
7W1P,,,,,False
7W1O,,,,,False
7W0Y,,,,,False
7W0R,,,,,False
7W00,,,,,False
7VZW,,,,,False
7VZV,,,,,False
7VZS,reduced,,,,False
7VZP,reduced,,,,False
7VZ1,,,,,False
7VYN,,,,,False
7VYH,,,,,False
7W32,,,,,False
7W35,,,,,False
7W4C,,,,,False
7W4D,,,,,False
7W4E,,,,,False
7W4F,,,,,False
7W4J,,,,,False
7W4K,,,,,False
7W4L,,,,,False
7W4M,,,,,False
7W4N,,,,,False
7W4Q,,,,,False
7WSQ,,,,,False
7X1R,,,,,False
7X7K,,,,,False
7X7J,,,,,False
7X7I,,,,,False
7X32,,,,,False
7X0Y,,,,,False
7X0X,,,,,False
7WYF,,,,,False
7WA4,,,,,False
7W4G,,,,,False
7W3O,,,,,False
7W3L,,,,,False
7XK3,,,,,False
7XK4,,,,,False
7XK5,,,,,False
7XK6,,,,,False
7XK7,,,,,False
7XLF,,,,,False
7XP7,,,,,False
7XPI,,,,,False
7XQA,,,,,False
7XX0,,,,,False
7XXC,,,,,False
7XXD,,,,,False
7XXM,,,,,False
7XXR,,,,,False
7XYE,,,,,False
7XYL,,,,,False
7Y0A,,,,,False
7XXP,,,,,False
7XWW,,,,,False
7XQW,,,,,False
7XLZ,,,,,False
7XG9,,,,,False
7XE3,,,,,False
7XE2,,,,,False
7XE1,,,,,False
7YD8,,,,,False
7YTV,,,,,False
7YTL,,,,,False
7YLR,,,,,False
7YKN,,,,,False
7YJ0,,,,,False
7YEM,,,,,False
7YEL,,,,,False
7YEK,,,,,False
7YEJ,,,,,False
7YEI,,,,,False
7YEE,,,,,False
7YEC,,,,,False
7YEB,,,,,False
7YE0,,,,,True
7YDZ,,,,,False
7YD7,,,,,False
7YD6,,,,,False
7YCR,,,,,False
7YCP,,,,,False
7YCM,,,,,False
7YC7,,,,,True
7YAV,,,,,False
7Y0X,,,,,False
7Y0B,,,,,False
7YWU,,,,,False
7YWV,,,,,False
7YX0,,,,semiquinone,True
7YX4,,,,,False
7YX5,,,,,False
7Z0W,,,,,False
7Z3D,,,,,True
7Z4X,,,,,False
7Z6C,,,,,False
7Z7R,,,,,False
7Z7S,,,,,False
7Z7T,,,,,False
7Z7V,,,,,False
7Z80,,,,,False
7Z83,,,,,False
7Z84,,,,,False
7Z94,,,,,False
7Z97,,,,,False
7Z98,,,,,False
7Z99,,,,,False
7ZC5,,,,,False
7ZC6,,,,,False
7ZCA,,,,,False
7Z3E,,,,,True
7YX3,,,,,False
7ZCI,,,,,False
7ZD6,,,,,False
7ZDH,,,,,False
7ZDJ,,,,,False
7ZDM,,,,,False
7ZDP,,,,,False
7ZEB,,,,,False
7ZM7,,,,,False
7ZMB,,,,,False
7ZMG,,,,,False
7ZQU,,,,,False
7ZW3,,,,,False
8A1T,,,,,False
8A1U,,,,,False
8A1V,,,,,False
8A2W,,,,,False
8A2V,,,,,False
8A1Y,,,,,False
8A1X,,,,,False
8A1W,,,,,False
8A1R,,,,,False
8A1H,,,,,False
7ZZK,,,,,False
7ZYT,,,,,False
7ZRY,,,,,False
8A4E,,,,,False
8ACS,,,,,False
8ACW,,,,,False
8AJJ,,,,,False
8AHX,,,,,False
8AD5,,,,,False
8AD4,,,,,False
8AD3,,,,,False
8AD0,,,,,False
8ACY,,,,,False
8A8O,,,,,False
8A8I,,,,,False
8A7H,,,,semiquinone,True
8A7F,,,,,False
8A6X,,,,,False
8A6T,,,,,True
8A5S,,,,,False
8A5R,,,,,False
8A5E,,,,,True
8A56,,,,,False
8A52,,,,,False
8A3U,,,,,False
8A37,,,,,False
8A36,,,,,False
8A33,,,,semiquinone,True
8AM3,,,,,False
8AM6,,,,,False
8ATE,,,,,False
8AU8,,,,,False
8AUA,,,,,False
8AUB,,,,,False
8AUE,,,,,False
8AUG,,,,,False
8AUH,,,,,False
8AUJ,,,,,False
8AUL,,,,,False
8AUM,,,,,False
8AUO,,,,,False
8AUQ,,,,,False
8B2D,,,,,False
8B6F,,,,,False
8B6G,,,,,False
8AUN,,,,,False
8AUI,,,,,False
8AUF,,,,,False
8AU9,,,,,False
8AQ8,,,,,False
8AM8,,,,,False
8AJX,,,,,False
8AJK,,,,,False
8BA0,,,,,False
8BAM,,,,,False
8BAP,,,,,False
8BED,,,,,False
8BJY,,,,,False
8BLX,,,,,False
8BLZ,,,,,False
8BMU,,,,,False
8BPQ,,,,,False
8BPX,,,,,False
8BQ5,,,,,False
8BQ6,,,,,False
8BQS,,,,,False
8BXL,,,,,False
8C05,,,,,False
8C16,,,,,False
8C1U,,,,,False
8C2S,,,,,False
8C3M,,,,,False
8C0Z,,,,,False
8BPP,,,,,False
8BEW,,,,,True
8BEO,,,,,False
8B9Z,,,,,False
8B7S,,,,,False
8CA3,,,,,False
8CA4,,,,,False
8CA5,,,,,False
8CCM,,,,,False
8CCL,,,,,False
8CCK,,,,,False
8CCJ,,,,,False
8CCI,,,,,False
8CB0,,,,,False
8CAP,,,,,False
8CAO,,,,,False
8CAL,,,,,False
8CAK,,,,,False
8CA1,,,,,False
8C9J,,,,,False
8C6H,,,,,False
8C6F,,,,,False
8C6C,,,,,False
8C6B,,,,,False
8C6A,,,,,False
8C69,,,,,False
8C5P,,,,,False
8C5F,,,,,False
8C5E,,,,,False
8C4L,,,,,False
8CIW,,,,,False
8CJD,,,,,False
8CJE,,,,,False
8CJF,,,,,False
8CKQ,,,,,False
8CKT,,,,,False
8CP5,,,,,False
8CQS,,,,,False
8CQV,,,,,False
8CT4,,,,,False
8D3G,,,,,False
8D3I,,,,,False
8D3J,,,,,False
8D3H,,,,,False
8D3E,,,,,False
8CT0,,,,,False
8CQT,,,,,False
8CP2,,,,,False
8CM2,,,,,False
8CLW,,,,,False
8CK6,,,,,False
8CJG,,,,,False
8CJ9,,,,,False
8CJ0,,,,,False
8CCV,,,,,False
8DQ8,,,,,True
8DYD,,,,,False
8E73,,,,,False
8E5I,,,,,False
8E5H,,,,,True
8DYE,,,,,False
8DSV,,,,,True
8DQ7,,,,,True
8DOS,,,,,False
8DOR,,,,,False
8DMG,,,,,False
8DME,,,,,False
8DKQ,,,,,False
8DKP,,,,,False
8DKO,,,,,False
8DIL,,,,,False
8DIK,,,,,False
8DHK,,,,,False
8DHH,,,,,False
8DHG,,,,,False
8DHF,,,,,False
8DD7,,,,,False
8D3O,,,,,False
8D3N,,,,,False
8D3K,,,,,False
8E9G,,,,,False
8E9H,,,,,False
8EAC,,,,,False
8EEF,,,,,False
8EEG,,,,,False
8EEI,,,,,False
8EEJ,,,,,False
8EEK,,,,,False
8EEL,,,,,False
8EEM,,,,,False
8EEO,,,,,False
8EMT,,,,,False
8ER0,,,,,False
8ER1,,,,,False
8ESW,,,,,False
8ESZ,,,,,False
8ET5,,,,,False
8EVU,,,,,False
8EW3,,,,,False
8F5W,,,,,True
8F61,,,,,True
8ET4,,,,,False
8EEN,,,,,False
8EEH,,,,,False
8E9I,,,,,False
8F6N,,,,,False
8GYM,,,,,False
8GZU,,,,,False
8I08,,,,,False
8I07,,,,,False
8I05,,,,,False
8I01,,,,,False
8HY5,,,,,False
8HK0,,,,,False
8HDD,,,,,False
8H4J,,,,,False
8H0M,,,,,False
8GZ3,,,,,False
8GU0,,,,,False
8GSM,,,,,False
8GS8,,,,,False
8GRJ,,,,,False
8GRI,,,,,False
8GQR,,,,,False
8GET,,,,,False
8GES,,,,,False
8G64,,,,,False
8FW1,,,,,False
8FOV,,,,,False
8FHJ,,,,,False
8I11,,,,,False
8I4P,,,,,False
8I4R,,,,,False
8I98,,,,,False
8IAO,,,,,False
8IAP,,,,,False
8IB4,,,,,False
8IB5,,,,,False
8IB9,,,,,False
8IBA,,,,,False
8IBE,,,,,False
8IC2,,,,,False
8IJY,,,,,False
8IL9,,,,,False
8INL,,,,,False
8IUF,,,,,False
8IYN,,,,,False
8J4V,,,,,True
8J4W,,,,,True
8J4X,,,,,True
8J4Y,,,,,True
8IL4,,,,,False
8IC3,,,,,False
8IBD,,,,,False
8I6I,,,,,False
8J83,,,,,False
8J9I,,,,,False
8JDE,,,,,False
8JDG,,,,,False
8JDQ,,,,,False
8JDS,,,,,False
8JDY,,,,,False
8JDX,,,,,False
8JDV,,,,,False
8JDU,,,,,False
8JDT,,,,,False
8JDR,,,,,False
8JDP,,,,,False
8JDO,,,,,False
8JDN,,,,,False
8JDF,,,,,False
8JDD,,,,,False
8JDC,,,,,False
8JDB,,,,,False
8JBZ,,,,,False
8J9J,,,,,False
8J9H,,,,,False
8J79,,,,,False
8J68,,,,,False
8J59,,,,,False
8JEJ,,,,,True
8JEK,,,,,True
8JM0,,,,,False
8JM1,,,,,False
8JM2,,,,,False
8JM3,,,,,False
8JM4,,,,,False
8JM5,,,,,False
8JM6,,,,,False
8JPW,,,,,False
8JT7,,,,,False
8JZ4,,,,,False
8JZ3,,,,,False
8JZ2,,,,,False
8JU4,,,,,False
8JQQ,,,,,False
8JQP,,,,,False
8JQO,,,,,False
8JPZ,,,,,False
8JOJ,,,,,False
8JM8,,,,,False
8JM7,,,,,False
8JHE,,,,,False
8JF5,,,,,False
8JDZ,,,,,False
8OK0,,,,,False
8OLT,,,,,False
8OM1,,,,,False
8ORJ,,,,,True
8OY5,,,,,True
8OY4,,,,,True
8OY3,,,,,True
8OT8,,,,,False
8ORS,,,,,False
8ORH,,,,,False
8OH9,,,,,False
8OH5,,,,,False
8OG3,,,,,False
8OFW,,,,,False
8OET,,,,,True
8ODW,,,,,False
8KCZ,,,,,False
8KCM,,,,,False
8K6K,,,,,False
8K6J,,,,,False
8K4F,,,,,False
8K41,,,,,False
8K40,,,,,False
8JZ6,,,,,False
8JZ5,,,,,False
8OY6,,,,,True
8OY9,,,,,True
8OYA,,,,,True
8OYB,,,,,True
8P2B,,,,,False
8P4X,,,,,False
8P84,,,,,False
8PDD,,,,,False
8PF3,,,,,False
8PL1,,,,,False
8PL3,,,,,False
8PL4,,,,,False
8PL5,,,,,False
8PL7,,,,,False
8PL6,,,,,False
8PL2,,,,,False
8PL0,,,,,False
8PKY,,,,,False
8PHF,,,,,False
8PF5,,,,,False
8PF4,,,,,False
8P2A,,,,,False
8OYC,,,,,True
8OY8,,,,,True
8OY7,,,,,True
8PLA,,,,,False
8PLB,,,,,False
8PLC,,,,,False
8PLH,,,,,False
8PLJ,,,,,False
8PLL,,,,,False
8PLO,,,,,False
8PLP,,,,,False
8PLR,,,,,False
8PLS,,,,,False
8PLT,,,,,False
8PLU,,,,,False
8PLV,,,,,False
8PLW,,,,,False
8PLQ,,,,,False
8PLN,,,,,False
8PLM,,,,,False
8PLK,,,,,False
8PLI,,,,,False
8PLG,,,,,False
8PLF,,,,,False
8PLE,,,,,False
8PLD,,,,,False
8PL9,,,,,False
8PL8,,,,,False
8PRV,,,,,False
8PSA,,,,,False
8PW5,,,,,False
8PW6,,,,,False
8PW7,,,,,False
8PXL,,,,,False
8PXK,,,,,False
8PUN,,,,,False
8PSP,,,,,False
8PSM,,,,,False
8PSL,,,,,False
8PSK,,,,,False
8PSJ,,,,,False
8PSG,,,,,False
8PSF,,,,,False
8PS9,,,,,False
8PS2,,,,,False
8PS1,,,,,False
8PRW,,,,,True
8PQN,,,,,False
8PNS,,,,,False
8PNG,,,,,False
8PM1,,,,,False
8PLY,,,,,False
8PLX,,,,,False
8PZ5,,,,,False
8Q0A,,,,,False
8Q0F,,,,,False
8Q0J,,,,,False
8Q0M,,,,,False
8Q0O,,,,,False
8Q1H,,,,,False
8Q1J,,,,,False
8Q1P,,,,,False
8Q1U,,,,,False
8Q1Y,,,,,False
8Q25,,,,,False
8Q45,,,,,False
8Q46,,,,,False
8Q47,,,,,False
8Q48,,,,,False
8Q49,,,,,False
8Q4A,,,,,False
8Q5F,,,,,False
8Q5G,,,,,False
8QA5,,,,,False
8QA6,,,,,False
8Q5E,,,,,False
8Q1G,,,,,False
8Q0Q,,,,,False
8QBY,,,,,False
8QCJ,,,,,False
8QFH,,,,,False
8QGW,,,,,True
8QH4,,,,,True
8QH7,,,,reduced,True
8QHK,,,,reduced,True
8QI8,,,,,False
8QI9,,,,,False
8QIA,,,,,False
8QIB,,,,,False
8QIG,,,,,False
8QIH,,,,,False
8QII,,,,,False
8QIK,,,,,False
8QIL,,,,,False
8QIM,,,,,False
8QIF,,,,,False
8QG1,,,,,True
8QFJ,,,,,False
8QFI,,,,,False
8QFG,,,,,False
8QFF,,,,,False
8QFE,,,,,False
8QES,,,,,False
8QIN,,,,,False
8QIO,,,,,False
8QIP,,,,,False
8QIQ,,,,,False
8QIR,,,,,False
8QIS,,,,,False
8QIT,,,,,False
8QIU,,,,,False
8QIV,,,,,False
8QIW,,,,,False
8QMY,,,,,False
8QN1,,,,,False
8QNB,,,,,False
8QNS,,,,,False
8QNW,,,,,False
8QNR,,,,,False
8QNP,,,,,False
8QNM,,,,,False
8QNK,,,,,False
8QNE,,,,,False
8QNC,,,,,False
8QNA,,,,,False
8QN9,,,,,False
8QN3,,,,,False
8QMX,,,,,False
8QNX,,,,,False
8QNY,,,,,False
8QO6,,,,,False
8QO7,,,,,False
8QO8,,,,,False
8QPO,,,,,False
8QQ1,,,,,False
8QQ5,,,,,False
8QVT,,,,,False
8QYG,,,,,False
8QYT,,,,,False
8R1E,,,,,False
8R1R,,,,,False
8R2T,,,,,False
8RAK,,,,,False
8RB8,,,,,False
8RB9,,,,,False
8R2U,,,,,False
8QYW,,,,,False
8QVE,,,,,False
8QTA,,,,,False
8QT9,,,,,True
8QT7,,,,,False
8QT6,,,,,False
8QQ7,,,,,True
8RFN,,,,,False
8RGP,,,,,False
8RGQ,,,,,False
8RGR,,,,,False
8RGT,,,,,False
8RIC,,,,,False
8RQH,,,,,False
8RPJ,,,,,False
8RPI,,,,,False
8RPH,,,,,False
8RPG,,,,,False
8RPF,,,,,False
8ROS,,,,,False
8ROM,,,,,False
8RJA,,,,,False
8RIU,,,,,False
8RIE,,,,,False
8RID,,,,,False
8RFM,,,,,False
8REQ,,,,,True
8REP,,,,,True
8REO,,,,,True
8REN,,,,,True
8RBQ,,,,,True
8RBM,,,,,True
8RVU,,,,,False
8RVV,,,,,False
8RVY,,,,,False
8RX4,,,,,False
8S7R,,,,,False
8S8Y,,,,,False
8SGP,,,,,False
8SGS,,,,,False
8T0W,,,,,True
8SNZ,,,,,False
8SGR,,,,,False
8S8V,,,,,False
8S7W,,,,,False
8S7U,,,,,False
8S7T,,,,,False
8S7S,,,,,False
8S7Q,,,,,False
8S7P,,,,,False
8S7N,,,,,False
8S6G,,,,,False
8S4P,,,,,False
8S2Y,,,,,False
8RX6,,,,,False
8RX5,,,,,False
8RWN,,,,,False
8TTI,,,,,False
8TWG,,,,,False
8U0Q,,,,,False
8U7Y,,,,,False
8U85,,,,,False
8U86,,,,,False
8U87,,,,,False
8UAJ,,,,,False
8UAT,,,,,False
8UC3,,,,,False
8UCA,,,,,False
8UCD,,,,,False
8UD1,,,,,False
8UEM,,,,,False
8UEO,,,,,False
8UEP,,,,,False
8UEQ,,,,,False
8UES,,,,,False
8UET,,,,,False
8UEU,,,,,False
8UEV,,,,,False
8UER,,,,,False
8TWF,,,,,False
8T8A,,,,,False
8T3P,,,,,False
8UEW,,,,,False
8UEX,,,,,False
8UEY,,,,,False
8UEZ,,,,,False
8UFY,,,,,False
8UGH,,,,,False
8UGI,,,,,False
8UGJ,,,,,False
8UGN,,,,,False
8UGR,,,,,False
8UIQ,,,,,False
8UP4,,,,,False
8UPZ,,,,,False
8URC,,,,,False
8UUB,,,,,False
8UY1,,,,,False
8UY2,,,,,False
8V2Y,,,,,False
8V3U,,,,,False
8V3V,,,,,False
8URD,,,,,False
8UQ1,,,,,False
8UQ0,,,,,False
8UIV,,,,,False
8UIU,,,,,False
8VCN,,,,,False
8VGY,,,,,False
8VHL,,,,,False
8VHM,,,,,False
8VJ3,,,,,False
8VJN,,,,,False
8W0K,,,,,False
8W0U,,,,,False
8W0Z,,,,,False
8W75,,,,,False
8W78,,,,,False
8W7F,,,,,False
8WEJ,,,,,True
8WKC,,,,,False
8WVB,,,,,False
8WVF,,,,,False
8WVT,,,,,False
8X38,,,,,False
8X9V,,,,,False
8XCM,,,,,False
8XCN,,,,,False
8X2L,,,,,False
8WEQ,,,,,False
8W0T,,,,,False
8V5B,,,,,False
8XNL,,,,,False
8XNP,,,,,False
8XNW,,,,,False
8YM7,,,,,False
8YHR,,,,,False
8Y6K,,,,,False
8Y2S,,,,,False
8XU7,,,,,False
8XTZ,,,,,False
8XO0,,,,,False
8XNZ,,,,,False
8XNY,,,,,False
8XNX,,,,,False
8XNV,,,,,False
8XNU,,,,,False
8XNT,,,,,False
8XNS,,,,,False
8XNR,,,,,False
8XNQ,,,,,False
8XNO,,,,,False
8XNN,,,,,False
8XNM,,,,,False
8XG9,,,,,False
8XG8,,,,,False
8XG7,,,,,False
8YRB,,,,,False
8YU0,,,,,False
8YU2,,,,,False
8YU4,,,,,False
8Z12,,,,,False
8Z13,,,,,False
8Z14,,,,,False
8Z15,,,,,False
8Z16,,,,,False
8Z17,,,,,False
8Z1J,,,,,False
8Z24,,,,,True
8Z26,,,,,True
8Z2D,,,,,True
8Z3D,,,,,True
8Z3G,,,,,True
8Z3L,,,,,True
8Z44,,,,,True
8Z45,,,,,True
8Z41,,,,,True
8Z3X,,,,,True
8Z2O,,,,,False
8YTT,,,,,False
8YQM,,,,,False
8YQ3,,,,,False
8Z4K,,,,,True
8Z4M,,,,,True
8Z4U,,,,,True
8Z6I,,,,,True
8Z6K,,,,,True
8Z8F,,,,,True
8Z8K,,,,,True
8ZA8,reduced,,,,True
8ZLR,semiquinone,,,,True
8ZLS,,,,,False
8ZLT,,,,,False
8ZO8,,,,,False
8ZOP,,,,,False
8ZOU,,,,,False
8ZP8,,,,,False
8ZSK,,,,,False
8ZSL,,,,,False
8ZSM,,,,,False
8ZSN,,,,,False
8ZSO,,,,,False
8ZF8,,,,,False
8ZB2,,,,,False
8Z79,,,,,False
8Z6J,,,,,True
8Z4P,,,,,True
8ZSQ,,,,,False
8ZSR,,,,,False
8ZU0,,,,,False
8ZXZ,,,,,False
9AVH,,,,,False
9AZ8,,,,,False
9B07,,,,,False
9BBO,,,,,False
9BKN,,,,,False
9BKO,,,,,False
9BOV,,,,,False
9BP5,,,,,False
9BUH,,,,,False
9BWD,,,,,False
9BXV,,,,,False
9C0W,,,,,False
9C34,,,,,True
9C35,,,,,True
9C36,,,,,True
9C4Q,,,,,False
9C85,,,,,False
9C4R,,,,,False
9C4P,,,,,False
9BKM,,,,,False
9B2Y,,,,,False
9C8B,,,,,True
9C8C,,,,,True
9C91,,,,,False
9CB8,,,,,False
9CCC,,,,,False
9CD6,,,,,False
9CDN,,,,,False
9CE2,,,,,False
9CWT,,,,,False
9CZE,,,,,False
9D48,,,,,False
9D49,,,,,False
9D4A,,,,,False
9DBP,,,,,False
9DHG,,,,,False
9DHH,,,,,False
9DHI,,,,,False
9DI6,,,,,False
9DIK,,,,,False
9DIZ,,,,,False
9DKO,,,,,False
9DKQ,,,,,False
9DHJ,,,,,False
9D47,,,,,False
9C8A,,,,,True
9DKY,,,,,False
9DL2,,,,,False
9DL4,,,,,False
9DL5,,,,,False
9DL6,,,,,False
9DL7,,,,,False
9DL8,,,,,False
9DLK,,,,,False
9DLY,,,,,False
9DTK,,,,,False
9DUD,,,,,False
9DUF,,,,,False
9E0A,,,,,False
9E0B,,,,,False
9E0C,,,,,False
9E0D,,,,,False
9E0E,,,,,False
9EAX,,,,,False
9EAY,,,,,False
9EAZ,,,,,False
9EB0,,,,,False
9EB1,,,,,False
9DRH,,,,,False
9DL9,,,,,False
9DL3,,,,,False
9EF0,,,,,False
9EG9,,,,,False
9EJ8,,,,,False
9EM0,,,,,False
9EM2,,,,,False
9EM3,,,,,False
9EM4,,,,,False
9EM5,,,,,False
9EM6,,,,,False
9ENH,,,,,False
9ENI,,,,,True
9ENJ,,,,,True
9ENN,,,,,True
9ERI,,,,,False
9ERJ,,,,,True
9ERK,,,,,True
9ERL,,,,,False
9EV3,,,,,False
9EV5,,,,,False
9EWY,,,,,False
9EZ9,,,,,False
9EXV,,,,,False
9EV6,,,,,False
9EV4,,,,,False
9ENK,,,,,True
9EZR,,,,,False
9EZS,,,,,False
9EZT,,,,,False
9F1W,,,,,False
9F1X,,,,,False
9F1Y,,,,,False
9F1Z,,,,,False
9F5X,,,,,False
9F5Y,,,,,False
9F62,,,,,False
9FCN,,,,,False
9FCP,,,,,False
9FD4,,,,,False
9FD5,,,,,False
9FD6,,,,,False
9FDJ,,,,,False
9FE0,,,,,True
9FE8,,,,,True
9FEA,,,,,True
9FFE,,,,,False
9FE7,,,,,True
9FE5,,,,,True
9FDV,,,,,True
9FDK,,,,,True
9EZQ,,,,,False
9FFK,,,,,False
9FGE,,,,,False
9FH7,,,,,False
9FIF,,,,,False
9FIH,,,,,True
9FII,,,,,True
9FJT,,,,,False
9FL2,,,,,False
9FL7,,,,,True
9FQ7,,,,,False
9FQK,,,,,False
9FXQ,,,,,False
9FZL,,,,,False
9G83,,,,,False
9G92,,,,,False
9G9Y,,,,,False
9G9Z,,,,,False
9GAE,,,,,False
9GEZ,,,,,False
9GJ0,,,,,False
9GJX,,,,,False
9GN5,,,,,False
9GJY,,,,,False
9FIL,,,,,True
9FIJ,,,,,True
9GOV,,,,,False
9GOZ,,,,,False
9GQY,reduced,,,,False
9GQZ,reduced,,,,False
9GR0,reduced,,,,False
9H2I,,,,,False
9H40,,,,,False
9H5Q,,,,,False
9H6Z,,,,,False
9H8M,,,,,False
9H8Q,,,,,False
9H8Z,,,,,False
9H92,,,,,False
9HE5,,,,,True
9HEG,,,,,True
9H9C,,,,,False
9H8U,,,,,False
9H8P,,,,,False
9H7Z,,,,,False
9H64,,,,,False
9H5Z,,,,,False
9H5P,,,,,False
9GXC,,,,,False
9GXB,,,,,False
9GP0,,,,,False
9HEM,,,,,True
9HEN,,,,,True
9HIP,,,,,False
9HIQ,,,,,False
9HIR,,,,,False
9HJ5,,,,,False
9HJV,,,,,True
9HJW,,,,,True
9HNL,,,,,True
9HNM,,,,,True
9HNN,,,,,True
9HYK,,,,,False
9I2Y,,,,,False
9I4I,,,,,False
9ID0,,,,,False
9IFF,,,,,False
9IFG,,,,,False
9IFI,,,,,False
9IFH,,,,,False
9IFE,,,,,False
9HYL,,,,,False
9HNO,,,,,True
9HNK,,,,,False
9HKF,,,,,False
9HKE,,,,,True
9IFT,,,,,False
9IFW,,,,,False
9IFY,,,,,False
9IFZ,,,,,False
9IG9,,,,,False
9IHP,,,,,False
9IHR,,,,,False
9IQI,,,,,False
9IR2,,,,,False
9IWV,,,,,False
9J6H,,,,,False
9J6W,,,,,False
9JQ5,,,,,False
9JQA,,,,,False
9JSY,,,,,False
9KC4,,,,,False
9K7H,,,,,False
9JQ4,,,,,False
9JQ3,,,,,False
9IUV,,,,,False
9IQC,,,,,False
9IFU,,,,,False
9IFN,,,,,False
9IFL,,,,,False
9IFJ,,,,,False
9KK7,,,,,True
9KKC,,,,,True
9KKG,,,,,True
9KKH,,,,,True
9KP8,,,,,False
9KPS,,,,,False
9KPT,,,,,False
9KUH,,,,,False
9L10,,,,,False
9L11,,,,,False
9L8G,,,,,True
9LAY,,,,,False
9LAZ,,,,,False
9LC9,,,,,False
9LI3,,,,,False
9LIG,,,,,False
9LIH,,,,,False
9LJR,,,,,False
9LJS,,,,,False
9LJT,,,,,False
9LJV,,,,,False
9LJU,,,,,False
9LB1,,,,,False
9LB0,,,,,False
9KQ3,,,,,False
9LJW,,,,,False
9LPG,,,,,False
9LRQ,,,,,False
9LT5,,,,,False
9LT7,,,,,False
9LT8,,,,,False
9LWM,,,,,True
9LWZ,,,,,True
9M4O,,,,,False
9MQX,,,,,False
9MQY,,,,,False
9MQZ,,,,,False
9N5U,,,,,False
9N5V,,,,,False
9N67,,,,,False
9N68,,,,,False
9N6O,,,,,False
9N6Q,,,,,False
9N4Y,,,,,False
9M4M,,,,,False
9LWW,,,,,False
9LUQ,,,,,False
9LT6,,,,,False
9LRR,,,,,False
9LMH,,,,,False
9NEZ,,,,,False
9NF0,,,,,False
9NK1,,,,,False
9ORN,,,,,False
9PQX,,,,,False
9PXL,,,,,False
9PXM,,,,,False
9Q8I,,,,,False
9QDL,,,,,False
9QDM,,,,,False
9Q8F,,,,,True
9Q15,,,,,False
9Q0Y,,,,,False
9Q06,,,,,False
9Q05,,,,,False
9PXK,,,,,False
9PL0,,,,,False
9P4W,,,,,False
9P4V,,,,,False
9P1R,,,,,False
9P1P,,,,,False
9P1O,,,,,False
9OCM,,,,,False
9OBB,,,,,False
9NK4,,,,,False
9QGB,,,,,False
9QGC,,,,,False
9QGE,,,,,False
9QGF,,,,,False
9QGZ,,,,,False
9QM2,,,,,False
9QM4,,,,,False
9QRT,,,,,False
9QS1,,,,,False
9QSE,,,,,False
9QSN,,,,,False
9QSO,,,,,False
9R01,,,,,False
9R03,,,,,False
9QSL,,,,,False
9QSK,,,,,False
9QSI,,,,,False
9QSG,,,,,False
9QSF,,,,,False
9QSD,,,,,False
9QS8,,,,,False
9QQ6,,,,,False
9QM3,,,,,False
9QIT,,,,,False
9QGD,,,,,False
9R0W,,,,,False
9R43,,,,,False
9R51,,,,,False
9R52,,,,,False
9R6Z,,,,,False
9RC7,,,,,False
9RDR,,,,,False
9RO2,,,,,False
9RO3,,,,,False
9RT8,,,,,False
9RTK,,,,,False
9RUM,,,,,False
9RUN,,,,,False
9RVH,,,,,False
9RVJ,,,,,False
9RXF,,,,,False
9S1I,,,,,False
9S4B,,,,,False
9S3H,,,,,False
9RUW,,,,,False
9RTE,,,,,False
9R5I,,,,,False
9R3K,,,,,False
9R3J,,,,,False
9R2J,,,,,False
9SDD,,,,,False
9SFI,,,,,False
9SMF,,,,,True
9SMG,,,,,True
9SMH,,,,,True
9SMI,,,,,True
9SNK,,,,,False
9SRP,,,,,False
9SW2,,,,,False
9SW3,,,,,False
9SW4,,,,,False
9SW5,,,,,False
9SW6,,,,,False
9T1L,,,,,False
9T1S,,,,,False
9T73,,,,,False
9T75,,,,,False
9TAJ,,,,,False
9TAM,,,,,False
9TAN,,,,,False
9TI4,,,,,False
9TK1,,,,,False
9TAL,,,,,False
9SZQ,,,,,False
9SRG,,,,,False
9TK3,,,,,False
9TK5,,,,,False
9TK6,,,,,False
9TK7,,,,,False
9TK8,,,,,False
9TLZ,,,,,False
9TN7,,,,,False
9U3C,,,,,False
9U3D,,,,,False
9U3E,,,,,False
9U5N,,,,,False
9UB2,,,,,False
9UD3,,,,,False
9UD6,,,,,True
9UD9,,,,,True
9UDA,,,,,True
9UD8,,,,,True
9UD5,,,,,True
9UD4,,,,,True
9UD2,,,,,True
9U5G,,,,,False
9U3F,,,,,False
9U3B,,,,,False
9TN9,,,,,False
9TM2,,,,,False
9UDD,,,,,False
9UDE,,,,,False
9UDF,,,,,True
9UGM,,,,,False
9UIN,,,,,False
9UU6,,,,,False
9UUU,,,,,True
9V6A,,,,,False
9V6B,,,,,True
9V6C,,,,,True
9V6K,,,,,False
9VEX,,,,,False
9VF7,,,,,False
9VML,,,,,False
9VN8,,,,,False
9VPF,,,,,False
9VPR,,,,,True
9VPS,,,,,True
9VPU,,,,,True
9VPT,,,,,True
9VF8,,,,,False
9V69,,,,,True
9V34,,,,,False
9UDG,,,,,True
9UDB,,,,,False
9VPV,,,,,True
9VPW,,,,,True
9VPX,,,,,True
9VPY,,,,,True
9VPZ,,,,,True
9VQ0,,,,,True
9VV4,,,,,False
9VWX,,,,,False
9W2U,,,,,False
9W2V,,,,,False
9W54,,,,,False
9W55,,,,,False
9W61,,,,,False
9WOZ,,,,,False
9WUD,,,,,False
9WUK,,,,,False
9WUP,,,,,False
9WUC,,,,,False
9W58,,,,,False
9W57,,,,,False
9W56,,,,,False
9W3M,,,,,False
9VWW,,,,,False
9VWV,,,,,False
9VWU,,,,,False
9WXB,,,,,True
9YK0,,,,,False
9YJZ,,,,,False
9XUB,,,,,False
9X0N,,,,,False
