pdb_id,released
7MMR,2022-05-04
7Q4W,2023-02-15
7R0F,2023-02-15
7R2O,2023-02-15
7VKD,2022-10-05
7VKF,2022-10-05
7YE0,2023-11-22
8DQ7,2023-07-26
8DQ8,2023-07-26
8DSV,2023-07-26
8J4V,2024-10-09
8J4W,2024-10-09
8J4X,2024-10-09
8J4Y,2024-10-09
8OET,2023-11-22
8ORJ,2024-10-30
8QG1,2024-04-03
8QGW,2024-04-03
8QH7,2024-04-03
8QHK,2024-04-03
8QQ7,2024-05-08
8QT9,2024-07-24
8RBM,2024-06-26
8RBQ,2024-06-26
8T0W,2024-11-27
8WEJ,2024-01-24
9C8A,2024-10-30
9C8B,2024-10-30
9C8C,2024-10-30
9ENI,2024-08-14
9ENJ,2024-08-14
9ENK,2024-08-14
9ENN,2024-08-14
9FDK,2024-07-17
9FDV,2024-07-17
9FE0,2024-07-17
9FE5,2024-07-17
9FE7,2024-07-17
9FE8,2024-07-17
9FEA,2024-07-17
9FIH,2024-07-17
9FII,2024-07-17
9FIJ,2024-07-17
9FIL,2024-07-17
